id	text
kangri_00001	फिरि क्या अदलता विच तरीक़ांं पर तरीक सारे कनूनी दांवपेंच साडे़यां हत्थां च।तुहाड़ा कम्म बणी जाणा मेरा धंधा चली पौणा।
kangri_00002	ऑथर्ज़ गिल्ड ऑफ हिमाचल दी अपणी इक भव्य लाईब्रेरी दीपक साहित्य सदन शमशी जिला कुल्लूए च है जिस विच हजारों कताबां जाणे माणे लेखकां दी उपलब्ध है।
kangri_00003	जिसदे रस्तै निक्के-छक्के लोकां री लाड़ियां पचुआड़ियां-घुसड़ी नैं अम्ब, जामणू, बेर, संतरे-मालटे जां गरगल-घरींबड़ियां भरी ल्यांदे झोहलेयां च
kangri_00004	फ़िल्म दिक्खणे ते पहलें इक्क ज़रूरी सवाल एह था जे वरुण धवन कने अनुष्का शर्मा साहीं स्टार्स निचले मध्यमवर्गी किरदारां कने इंसाफ़ करी सकगे?
kangri_00005	जज कहता... निर्भया कांड के सभी दोषियों को , तुम्हारी सब डिलीट है आपके लिए अब समाप्त हो गई कल सुबह तुम्हें फांसी के फंदे पर लटका देना है ,
kangri_00006	नाम लैणे, रचना छपुआणियां, मैंवरशिपां चाहीदियां जां मुशायरे पढ़णे .. पढ़ाणे तां वी पट्टए दी जरूरत मती बधी गेई ऐ
kangri_00007	तिन्नी संसदा जो घेरी-घरेट्टी अप्पू नैं रल़ाई लेआ कनैं लोक भले दा धन बंडीचुंडी मौज़ां लुट्टणीयां सुरु करीत्तियां।
kangri_00008	उस्सी बेलें आकाशवाणी होई, “ओ! लंका रे राजिआ रावणं! विधिमाता रे लेख अणमिट हन; इन्हां जो तू नी मेटी सकदा
kangri_00009	इस पर शिक्षा अफसर नराज हुंदेया तालीम दे इंतजामात कने तालीम च सुधार लयोनयो प्रिसिंपले जो गलाई के चली गये कने दुवारा दिकख सुण करने जो गलाई गए।
kangri_00010	लीडरां ने बैठकाच गल्लबात कित्ती कन्ने तय कित्ता कि हुण संघर्षच रेल पटरियां उखाड़ी जाणियां, तार कटे जाणे!!
kangri_00011	कॉन्सर्ट मज़ेदार हन, हलांकी उन्हा बाली इतना पैसा ए। क्या तुहां कम करदे? अंशकालिक कने ख़तम करने दा वक्त। क्या तुहां व्याहतयो हन?
kangri_00012	कलाकार : शाहिद कपूर, श्रद्धा कपूर, यामी गौतम, द्वियेन्दु शर्मा , फ़रीदा जलाल, सुधीर पांडे, सुप्रिया पिलगांवकर
kangri_00013	मां! कई लोग तो बिना कपड़ों के फुटपाथों पर ही इस कड़ाकेदार सर्दी में ठिठुरते हुए नारकीय जीवन जी रहे हैं।
kangri_00014	फटकारने कनें दुत्तकारनें कनैं होटलां पर मेहनत-मजदूरी करने रा सारियां तों बड्डा कारण स्हाड़े देसे मंझ, ग्रांउ मंझ गरीबी ऐ |
kangri_00015	जींहय्यां अहां सारे कसांन भाई, कीड़ेंयां मारने तांई दुआ छिड़कदे अपंणेयां खेत्तां च-, कैंह, जे म्हारी फसल सौहणी कनें खूब होए
kangri_00016	इस मुद्दे कने ही तिह्नां प्रेम-त्रिकोण कने दोस्ती/दुश्मणी वाळा जाणेया-पछैणेया फ़ॉर्मूला भी पाया है।
kangri_00017	पक्षी जंगली जानवार भी बच्चयां जो लैई की अपणे-अपणे घौंसलयां, रैनबसेरयां च शरणा लैणे वास्ते उडारियां-छालां मारदे नट्ठा दे थे
kangri_00018	मूण्डुआं दिख्या-न बदल, न न्हेरी, न धुप, पाणिएं दा भी हाली तिक्कर इक घड़ा भरोया, फिरी छुट्टी कैं? पर मास्टर होरां जो कुण पुच्छी सकदा था
kangri_00019	जे दूह कपड़ेंयां च लपटोहईयो कुड़ी ई कुड़ी चाहईदी मिज्जो-, क. जे दित्ता दाज-दांन, तां मैं इक्क चीज . वी ओहत्थू ते नी लियोंग्गा
kangri_00020	डाक्टर :नतीजे दुंई हफ्तेयां च मुहैय्या हुंगे। अपने आपे जो तनाव मत दिंदे मिंजो लगदा सब कुछ हुंगा। ठीक होया।? लोरा :?
kangri_00021	गुप्ता होरो अखबार लई ने खबर पढ़ी कने कुर्सिया पर ढफैल लांदेयां बोलया-‘शर्मा जी ! ऐह विधान सभा दियां गल्लां न कुनकी ध्यातवें इंडा दित्ता होणा
kangri_00022	जदकि राजकुंवर श्र्वेत ते ल,ई की अभिमन्यु दे नरीह क़त्ल ते लेई अर्जुन कने भीम दे क़त्ल़ तांईं इन्हां किल्हेयां
kangri_00023	आपसे पासे सैलानियाॅ दी पीड़ ,दूर चोट पर बैठयो जय हनुमान ,असमानेच बीच पसरी सूरज दी किरणां।।
kangri_00024	ज्यादा परिवार बुड्डयां, माता पिता दे बेखे बेफिकरे होई जान्दे ,उत्थू मोमिन लवलीन बौत संजीदगी सोचा कन्ने करे दे बुड्डयां दी सेवा मग्न ।
kangri_00025	जेन: क्या इक चतुर सुझाव ए।मेरा भाई मिंजो छैल तोहफे तायें धन्यवाद बोलेगा। मि जो उम्मीद ए कि ए मॉल च मछली पकड़ने दी दुकान ए।
kangri_00026	बारां-तिहारां, जामणियां जो लोक बब्बरू तल॒दे, चरोलियां पकान्दे, ब्याहं जो लोक घियोर पकान्दे, करवा चौथी रे बरते जो फैणियां-जलेबियां बणदियां
kangri_00027	करकट ने गलाया तां फिरी ए याद रखना कि शेर बाघ वगैरा खतर नाक कने सर्प जदेये बुरे जीवांने संपन्न पाअड जियां दुर्गुण कने विरले हुंदेहन
kangri_00028	हाय मैं हैलोवन्ह कनै प्यार करदा।इस बासते तुसां जो क्या करना पसंद ऐ? पिक्चर? कुछ घंटे?। सै ए जेडा मैं पुले बिच बतांदा
kangri_00029	पुरोहतणी : अच्छा झट्ट दस्सा सिद्धे मुहें भई गल्ल क्या है ? इत्तणे कैह हन्न तुसां प्रसन्न ? मैं बी तां सुणां कि क्या मोर्चा मारेया ऐ तुसां !
kangri_00030	इनितां बब्बा-मांऊ कालजे यो व्हड्डी के देगां-, तिस पर लूंणे-पिपली सांहई दाज, लिन्हां यो होर वी दुखी करदा
kangri_00031	पुराणा दे मूताविक जेडा माहणू एकादशी करदा रैंदा सैह जिंदडी ज कदी बी मुसीबतां ते नी घिरदा कने उसदी जिंदडी बिच्च धन कने समृध्दि बनी रैंदी ए।
kangri_00032	पाणी लग्ग जमीन, इक वही हवेली, गहणे, माल-पशु सव किच्छ मेरा था पर ...." मणक वोलणा बन्द करी त्या कने इक ठण्डा सुरकार भरेया
kangri_00033	श्याम लाल डोगरा क. डॉ. बंशी राम होरी पहाड़ी भाषा दे सरूप कनैं रचना पर हिंदी च तां मता लिक्खेया ऐ अपर पहाड़ी च इह्नां दा उतना नी मिलदा
kangri_00034	राधा :-बिल्कुल मीना किल्ले पहाड़ कैंह पहाड़ां उप्पर डिग्गीयो बर्फ बी तुहांजो सुझी जांगी इत्थु तुसां बड़े मजे करगे।
kangri_00035	इसते मते खतरे होन्दे जिह्यां: स्हाडे़ दन्दां दा रंग बदलना लग्गी पौन्दा कन्नैं दन्द गल़णा लग्गी पौन्दे।
kangri_00036	सारे संसारे च फ़ैल्लयो 'कोरोना ' वॉयरसेे दिया वज़ह ने राजधानी दिल्लिए च लॉक डाउन होई गेया था ।
kangri_00037	होया क्या अपंण-? भला मुंनूंआं, तेरी तां है उल्टी मत भला तूं सौ ई नांह कित्ती थी-, अपंण तिन्हां दा वी किछ फरज बंणी यांदा था नां-
kangri_00038	जब टक टुम और छोटू का वाइफ जिन्डा रहेगा टुम लोग को बरोबर पैंशन मिलटा रहेगा
kangri_00039	तिआं ताँ सह् सव अपणे-अपणे किस्बे चं चतर कने कपत्त कमाणे च फस्ट क्लास हुनरी-हुइण्डी पर इंत कौड़ियां सिदियां नी पौदियां
kangri_00040	अज्ज कला दे जुआन कने अल्हड़ां इस इतणे ज़रूरी मामले जो जिस म्हारे अगली ज़िंदगी दी कामयाबी दी नीं रखणी ऐ असां तिस अपणी मरजी ने नी चलाई सकदे।
kangri_00041	ओत्यूं पुजणे पर राजें तिसरी बड़ी आओ- भगत कीती फिरी पुच्छिया, “बजीरा ! दस्स, भई रिस्ता मंजूर ऐ के नी
kangri_00042	सारे माह्णू पैसेयां नैं रिश्ते जो़ड़दे।
kangri_00043	तो क्या यह झूठ बोल रहे हैं ? तुम्हारा बेटा कालू खुद कह रहा है कि अम्मां-बापू इसे दहेज के लिए तंग करते हैं
kangri_00044	ऑल इंडिया राइटर्स ऐंड जर्नलिस्ट एसोसिएशन दा प्रदेशाध्यक्ष रहणे दा सौभाग्य मिली चुक्केया।
kangri_00045	सैह लगा इक दिन तिसा तो पुच्छण भई एह के गल्ल होंग? राती सुत्तियां माहणुआं दिक्खी करी, केह चीज जानवरां खान्दी होंग?
kangri_00046	आली तक नी मै इकी टबरे बासते ड्रम बनाने बिच बिजी हां। मिंजो बी रैप पसंद ए । एयै मेरे बल सारे मौजूद बिना हिफाजता दे कनै मदद करदा।।
kangri_00047	इक्की बन्नें इतणी लम्मी छुट्टियां कने दुईया तरफ़ा बचारे पियक्कड़ इक पऊआ तिक्कर खरीदी न पाए।
kangri_00048	जॉन: मिजो पता ए। मैं हमेशा इन्टरव्यू शुरु होने ते दस या पन्द्रह मिनट पैहलें पूजने दा प्लान करदा।
kangri_00049	कुड़ी:- नस्सदा दिक्खेयाँ मेरा प्हाऊ बाहर मैं अपणा ख़तरनाक अल्सेसीयन कुत्ता खोल्ली रक्खेया सैह वड्डदा बड़ा बुरा लैग पीस कड्डी लैंदा साला
kangri_00050	ता गंगिएँ नई घगरी, रिहीड़ा, बाळू, चक, पंजेबां सभ पाई लेयो थे
kangri_00051	विष्णुए तड़फदे होयां बोलेया, “नारद! हां एढ़ी पीड़ मिंजो पहले भी इक बारी होई थी
kangri_00052	जाल्हू बी प्यारु ग्रांएं च कुसी दे घर जांदा तां अपणियां आदता मूज़ब चुल्ही दे ढक्कैं-ई बौंह्दा कनैं झोक्की लाइयै अग्ग सेकदा रैंह्दा हा
kangri_00053	डॉ. आत्मा राम नैं मता पहलैं "चुंगा ते ठोल्लू" च कुछ निबंध लिखी शुरूआत तां कित्ती थी अपर बाद च कुछ चुप करी गे
kangri_00054	क्या गल ओ मुन्नू! तिज्जो अम्मां रोटी नी दिन्दी? इक्कनी लाड़े दा पक्ष लैई करी गलाया - चला छड्डा, ब्याहे ते बाद सेहत बणी जाणी
kangri_00055	डॉक्टर हंगे तां सुझता बगैर अप्रेशने ते बाद पेटें च पट्टियां, सूई-धागे, कैचियां रेही जाणीयां
kangri_00056	सिंदरी:-दयी कुचज्जी नूंह नक़्क़ तोते साँईं जीभ सर्पणियाँ साँईं लम्मी सारा दिन क्लान्दी रैहन्दी बिल्लियां साँईं
kangri_00057	हुण स्वाल है कि कमकाज तां जरूरी है । कालु तांई लाॅक डाउनेच सेविग दे बूते जीवन अग्गे बड़ौंगा???
kangri_00058	तिन्हाजो अपणे आचरण, व्यवहार, सेवाभाव च बदलाव लयौणा ज़रूरी है।
kangri_00059	इस करामात्ती कारनाम्मे परंत उस ब्राह्मण देवता दी मशहूरी हलदूण घाटी दे चौंईं बक्खैं दूर-दूर तिक्कर फैली गेई।
kangri_00060	भगुआन्ने दी मरज़ी जाल्हू राजा चाल़ियां सालां दा होया तां तिद्दियां दूंईं अक्खीं दी लो$ चाणचक्क चली गेई।
kangri_00061	वानसिंह : हां, हां, देवी, अर्गे औआ ना (पकड़दा ऐ) आखर मच्छी फसी ई गई:::(बिकट हस्सी)
kangri_00062	कुड़ी करणा क्या... टुट्टे प्हज्जे से-र लिक्ख,ग़ज़लां लिक्ख,कपड़े फाड़ी दे मजनूं बणी जा
kangri_00063	अज्ज सैहई दिन्न आई ईय्या, जदैहड़ी-यो जयेन्द्र, जीते यो पंद्रोह दिनां तिकण रैफरीजरेटरे भुजुआंणे तांईं गलाई ईय्या था
kangri_00064	जे नौईंया पीढ़िया दा इक्क बि न्याणा इहा/ इसा रचना जो पूरा पढ़ी कनै समझी सकगा तां मैं अपणियां इसा/इहा कोसता तो कामयाब मन्नी लैंगा ।
kangri_00065	अज सैह खुस्स था कि अज ग्रांऐ बिच कोई तिसजो जोन्ढा गुआर गलाणे बाळा नी रिहा
kangri_00066	तिस दी भैण शिवा गलाणा लग्गी रुद्र!मती खुशी होई जे तू परुआर जेह्डा़ समाजे दी इकाई ऐ तिसदे बारे सब जाणदा जे कदेया परुआर खरा ऐ।
kangri_00067	सरपन सारयां पंचां उल्लुआं दी दावत खूब उड़ाई, खादा-पीता डकार मारया कर्ने अ अपणे घरे जो चले गै
kangri_00068	बड़ा खरा ऐ |क्या एह तुसां जो बड़ा कम्मे लाई रकदा? ओ! हाँजी! मिंजों बल बेहला टेम बटहेरा ऐ |बेसक मैं खूब घूम्मदा घिरदा !
kangri_00069	जॉन: वाकया ई?एह इक अपार्टमेंट तोपने तायें मुश्किल ए।
kangri_00070	धर्मपत्नी:श्रीमति विद्या देवी (ब्लॉक एजुकेशन ऑफिसर सेवानिवृत )
kangri_00071	ठा.नां गल्ल की ये-? जीत सिंह, जे तैत्थों नेईं जे हो सकदा सी-, फेर बाहईदा काहदे वासते. कीता सी-? हद मका दित्ती यार
kangri_00072	हुण तिक्कर मैं हज़ारां रचना लिक्खी चुक्कैया हज़ारां छप्पी चुक्कियाँ ,छपा करदी कई पत्र पत्रिका च ,मैगज़ीना च इंटरनैट मैगजीनां च
kangri_00073	दस मिनट पहलें दिया रंजशा ने अपणा ऐसा रूप धारण कित्ता कि एह लड़ाई मुण्डुआं दी न रही करी वर-वधू पक्ष दी होई-गई
kangri_00074	किछ लोक तां लाॅक डाउन ते डरी हर रोज कोरोना जेई मुसिबतांच फसणेच तैयार बैठयो ।
kangri_00075	कन्ने अजकल किसी बंगला साहित्यकार दी रचनाओं दा अनुवाद हिन्दीच करादी ।
kangri_00076	घृहस्थ चलाणी टब्बर भदाणां, बाल-बच्चे जमणे, आखर खसमें कन्में जींदीया जलणां इसीयों रूआज बोलदे नां?
kangri_00077	ग्रांए च रात्ती जो इक-अधा चेला जरूर थाली.घड़ा चिमटा बजांदा, संगले धरती पर पटकदा, शराब कुकड़ लैन्दा, छाड़ छडदा, घरे जो चला जान्दा
kangri_00078	राह भी राियाणकीया फेरा चण्डीगढ़ बसै कनैं तिसरी घरीणी होती-तां लोका दूहीं रे सिरै धूड़ भुकणी
kangri_00079	इक्कसी रोज़ तिसदे स्कूलैं प्रधानाचारे होरां भ्यागलिया वेह्ला न्याणेयां जो नशे ते बचणे ताईं स्नेह्या दित्ता।
kangri_00080	हे दीन दु:खियों के नाथ!हे मर्यादा पुरुषोत्तम राम!मुझ अभागिन की पुकार भी सुनो।
kangri_00081	इक दिन राजा बाढे ते इक चीज पकड़ी करी लई अया कन्ने दरबारे च बैठेआ जोशिआं ते पुच्छणा लग्गा, “भई मेरे हत्थे बिच क्या है?"
kangri_00082	मैं बी खुस था चला बख़री बख़री वरायटियां दा कुक्कड़ खाणे यो मिलगा बोतलुए दा क्या है इक अधिया,पऊआ लेई चलगे बस सस्ते च कम बणी जाणा।
kangri_00083	इनां री पुछ गिछ निकम्मे, कमचोर, निखट्ट, टूचे, गुचले प्रफैसरां च मती सारी ऐ
kangri_00084	माइक: तुहां जो उन्हा दे वर्तमान कने भविष्य दियां परियोजना दे बारे च वित्तीय डेटा दी जरूरत होनी ऐ।
kangri_00085	सैरी ते दो दिन पैल्हैं अंगरेज डिप्टी साभ संज्झा दी घोडे पर सुआर होई ने ग्राएं बिच पुज्या
kangri_00086	जॉन: नहीं, हफ़्ते दे दिनां च नी। मैं हफ़्ते दे दौरान अपना होमवर्क पूरा करना चाहंदा मुमकिन।
kangri_00087	कैलाश पाल ते बादे दे पंजाह सालां दे ज़ादातर वक़्ते तिकर कुल्लू सुकेत रियासता दे अधीन रेह्या।
kangri_00088	चऊ दुसौ नौंएऔ औ सज़दे बहार करौ।
kangri_00089	कपड़ा छेक्या, बरांडे च बैठयो दर्जिये जो बोलया- पहलें इस जो सी. बाकी कम्मा छड! दर्जिए भी देरी नी लाई इक घंटे च पजामा सी करी ओ मारया
kangri_00090	तू ता पक्की ही डॉन्ड है वो गंगीए
kangri_00091	अटुआं-सै-तां ठीक ऐ अपर नानके जो अज्जे-तक्कर बरादरिया दा रगड़ा नीं-नां झोत्ता हण जे रट्टा पौंग्गा तां लःगग पता
kangri_00092	पर इसा बारिया ता सैह कौळजे ते निकळी ने कस्बे दे हस्पताळे डाक्टर भी लगी गिया था
kangri_00093	फ़रीदा जलाल कने सुप्रिया पिलगांवकर ने एह फ़िल्म कजो कित्तियो ; एह समझा ते बाहर है ।
kangri_00094	मैं हुन रिटायर होअा दा। मैं इकि अखबारा दा रिपोर्टर था। तुहां कदेह हन? मैं इक कंपनियां तायें कम करदा जो संपर्क लेंस समाधान बनांदी ऐ
kangri_00095	मुण्डु, कुड़ियां, मास्टर, मस्ट्रेणियां सब्बो नौइयां लैटे रे कने हैडमास्टर होरां पुराणे वचारां दिया पोटलिया संभाल्दे नी थकदे
kangri_00096	हलो ! अज़्ज तुसां कदेहे हन ? राम ! राम! मैं खरा ऐ |जै जै! क्या हाल ऐ?
kangri_00097	अपर जेहड़ा पट्ट कुसी की बगैर खुआए पिआए पोऐ कनैं कम कार निकाले कड्ढे सैः पट्ट कलजुगा च घट ई चलदा
kangri_00098	जे कुहसकी यो इन्हीं गलाई रक्खेया,-क- सैह होया सेयो देहया, तां घसंह तां दूर-, हड्यिां-पस्सलींयां बी नी मिल्लंणीयां नं इंन्हां दीयां
kangri_00099	ब्रहामने तिस यो झिडकि करी बोल्या," अन्नहा होईया क्या? दूषा नी करदा एह बकरा ऐ।"
kangri_00100	माऊ ते इजाजत लेइयै सैह् अट्ठ दरिया-नदियां कनैं बारां सुआं-खड्डां लंग्घियै इक्कसी कस्वे च जाई पुज्जेया।
kangri_00101	हाथी जिञा अग्गेओ चल्लेआ तिञा आसण हिल्ली पेआ कने शेर प्हृ त्ड़म्म कने रिड़की पेआ।
kangri_00102	पर वहां उपस्थित कुछ तमाशबीनों ने होटल वाले को उकसाया कि वह दुन्नो को पकड़ कर पुलिस के हवाले कर दे।
kangri_00103	पढ़ाणा बंद करी दित्ता, कने बड़े सख़्त लफ़ज़ांं विच बोली पै, “अज्ज मैं पिछले डैस्के पर बैठी के नी पढ़ाणा ।
kangri_00104	लिखेयो थे असां कई शेर-ओ-ग़ज़ल तुहाड़ी ख़ात्तर
kangri_00105	मातृ दिवसे पर संसारे दी सारियां माताओं जो दंडवत प्रणाम।
kangri_00106	जीते बकीले दा घर, जगमगाँ देयां लालूंआं नैं सहज्जेया, कनात्तां, तम्बू, लौड-स्पीकर लहग्गेयो
kangri_00107	जिंदडी बिच्च कामयाबी हासिल करने तांई हौर कुछ लायदा करने बासते तालीम सबना तांई इक बड्डी खास सूलत ए।
kangri_00108	“पटु” हिन्दीया च हुश्यार कनैं चंट चालाक माहणुओं की वी आखेया जांदा
kangri_00109	कुसदा दमाक्क़ ख़राब होया था इतणी मैहँगी दारू पीन्दे
kangri_00110	“दस्सा, परोहित जी! कियां दर्शन होये?” शेरे माहणुये दिया अवाज़ा गलाया
kangri_00111	जे विष्णु भगवाने बोलेया जे मरचू सेठा. तुसे दस्सा जे एह पुत्र जे होया ता कुस दे भागां ते हाया?
kangri_00112	ऊना च इंडस्ट्री, ट्रेन, नैशनल फर्टिलाइजर
kangri_00113	" बिल्लिया जबाव दित्ता, “ओ गिदड़ा!" "झाड़ न हगें बाड़ न हगें; हगें-हगें बिल्ले री देहरी
kangri_00114	जय हो आपकी। सारे गिले-शिकवे मिट गए पोजीशन क्लियर हो गई।
kangri_00115	मैं इन्हां सबदां /शब्दां जो इह्यां ई लिखेया अपर मुमकिन नी हा ( था) इस तरीकै (इह्यां) इन्हां दा सह्यी उच्चारण नी होई सकदा ।
kangri_00116	अफ़सोस मिंजो है अप्पु पर कोई फ़र्ज़ निभाई नी पाया मैं
kangri_00117	परमेसरी तां थी नीं,-सैह डियूटिया यो गेहया था,--तिद्दी मा अमरो, वन्ती, बूटा, तिद्दी लाड़ी करूणां, इस वगत घरै ईं थे
kangri_00118	इगनो दे जरिये ते असां असानिए ने कुसी बी बड्डेनामचीन यूनीवर्सिटी चबडी घट फीसा च दाखिला लैई सकदे हन।
kangri_00119	भरत मुनि दे नाट्य-शास्त्रे च ब्रह्मा होरीं अप्पू ही गलाया ऐ : “त्रैलोक्यस्यास्य सर्वस्य नाट्यं भावानुकीर्तनम्
kangri_00120	हौॐ हौ तिसा जो समझ आई गई भई एह जीन्दा माण्डू ही है कोई छळेढा नी है
kangri_00121	सगौं, मैं तो बोहलगा, जे जींहय्यां मुंडुआं होंणे दी खुशी मनाई यांद्दी-, या ई खरा होऐ, जे कुड़ी हौंणें पर वी देहया ई कित्ता जायै
kangri_00122	सिक़वे, सकैतां मुमकन है पर क़सूर नी कोई साड़ा
kangri_00123	मारथा : मिंजो लगदा कि मैं करी सकदा ।मै अपने होम वर्क दे कनेकितया जांदा ए। अम्मा तुसां क्या खरीदना चांअदे?
kangri_00124	सीमा:- कोरोने दिया वज़ह ने लॉक डाउन होईय्या,कर्फ़्यू लग्गी गेया ,व्यूटी पार्लर बंद
kangri_00125	अपनिया पढ़ाई या पर ज्यादातर वक्त देने ता यें वर्क लोड। ता, इक सुरक्षित कने सभ्य अपार्टमेंट ऐ मिंजो जरूरत ऐ।
kangri_00126	पुरानी शैली दा शीशा , मेजपोश, सामणे दिवारा पर कड़ी ,कड़िया दा घन्टा इक पासे ते दूसरे पासे लहरान्दा जाणे समय जो स्वर दीन्दा बजा दा था।
kangri_00127	अज्ज बडी़ ठण्ड ऐ मैं अपणिया बुलबुला जो धुप्पा लगणे ते पैह्लैं बाह्र नीं निकल़णा देणा।
kangri_00128	गिदड़ खी-खी करदा हस्सेया, “बच्चा! पकड़ी सह्ड़ हुण पौड़ा जो लत्त छुड़ाणी थी सैह् छुड़ाई लेई
kangri_00129	दुएं-त्रीऐं दिन सब्जिया व्हाल व्हाल, जां दुद्ध हाल व्हाल चाणचक ई सैह मिली जांदे
kangri_00130	सरकार/हक़ूमत अंग्रेजां दी थी कने भारत मतियां छोटियां छोटियां रियासतीं च बंडोया था ।
kangri_00131	गुआईं-पुच्छआईं सुणदे-गुणदे मास्टर बड़े मुस्कड़यान कने खुसर-फुसरं करदे-जे इन्ह हुण क्या पुछ-गिछ ऐ? क्या मुल्ल ऐ?
kangri_00132	सरमंऑ, - अरा वियाहये-ऊहए दा वी केहखी करंणां था इन्हा दा-घमाई के कल्याण भिरी गल्ल छेड़ी इत्ती
kangri_00133	राष्ट्रपतियें ऎह जानने तायें असा जो भेज्या कि देशे च कितने लोग रेंहदे"। कर्मचारीयें जवाब दिता।
kangri_00134	लगना जो जाणे ते पहलैं जाहूलू नहोणे वास्ते कपड़े खोहले तां लाड़े दिया बूआ-ससूं बोल्या-अबो! नाई-प्रोहत कुथू हन् ? सद्दा तिन्हां जो
kangri_00135	दोआं जणे हर रोज छज्ज बणांदे- बेचदे जां लोक्कां दे पुराणे छज्ज गट्ठी मिणत-मज़ूरी लेई,खरा-खरा खाणा खाई जिंदगी कट्टा करदे हे।
kangri_00136	मैं क़ानून विच डिग्री लेया दा मैं सच्ची गपशप नी सुणियो है।
kangri_00137	डायरेक्टर दे रूप विच श्री नारायण सिंह ज़ादा असर नी दस्सी सकेयो।
kangri_00138	"तिन्हां पीदेंय्यॉ-पूहदेंयां संह दोहयो भाऊ वी कपड़ेंयां बदली, तिन्हां आहल आई रेह
kangri_00139	जाल्हू चमड़े दा कम करना लगी पौणा ताल्ह . ग्रैहतां सरीकां साख सम्बंधियां भी असां ते छहोत रखणी,
kangri_00140	नग्गर बड़ा खूबसूरत है इत्थु फ़िल्मां दी शूटिंग बड़ी हुंदी
kangri_00141	मेरा संसार उजड़ीया, हुन कुस ताये प्राण रखां?" एह सोची के सेह पतिव्रता बी आग्गी च कूदी गई।
kangri_00142	सिफ़त तुम्हारी! जो चंद दिया तिजो वर जी मिल्लेया
kangri_00143	कितने ई बाजेयां दी अवाजा बी गर्जना सांई बडी असरदार हुंदी कने आफने पुरखेयां दी जगह छडने ते पैले पता तां करना ई चिईंदा किअवाजा दी बजह क्या ए ।
kangri_00144	इक दियाडे उसा दिंया कुछ बकरी सेलडिंयां उसदा हाल चाल पुच्छना उसदे बल गईंयां तालू सैह बखरी बडी खुस होई।
kangri_00145	लेकन हुण सारे संसारे च फ़ैलेयो कोरोने दिया वजह ने बाझी पंडत,काज़ी एह सब कारज होआ करदे ।
kangri_00146	तिन्नी सोच्चेया, जे सिजणां कयो ? ठमकोंदिया तिकंण, जरा की ओहत्थु बेहई लैंदा ऐ
kangri_00147	दक्ष माऊ दे कुच्छडे़ नैं लपटोई गेया रौंदा-रौंदा गलाणा लग्गा:सच गलाया माँऽ असां कुसी जो भी नीं पालणा।
kangri_00148	" रावणें री एगल्ल सुणी विधिमाता बोली, “इसा कन्या रे संजोग बाहर सोत देणे आलिया जणासा रे मुंडुए ने लिखे हन, जेहड़ा इन्नां कुच्छड़ लिया ऐ
kangri_00149	इस मौके पर कुल्लू दे वधायक सुंदर सिंह ठाकुर कने वन मंत्री गोविंद सिंह ठाकुर हाज़र रये
kangri_00150	सैह बिजली विभाग दे बड़े चक्कर कटदा पर कोई हल नी निकळदा ।
kangri_00151	तिन्ने मुट्ठी च गिणी गणाई रखियो पैसे मेरे साहमणे रखी दिक्ते ‘फीस जमा कराई दिनियों अंकल जी, बड़ी लम्मी लैण लगियों
kangri_00152	न्यूज़ प्लस चैनलें पैहले ही इसा गल्ला दा स्क़ ज़ाहर कित्त्या था
kangri_00153	अन्हें बड्डे राजे जो बोलिया, "राजा साहब! हण राणी साहबा जो गलाऽ, भई सैह् इस पड़दे दे पारें इक बरी लंगी जाऽन
kangri_00154	होर ता होर एह बी ग्लान्दे तिज्जो ते ता कम्मे आली वाई ख़री कन्नै सौहणी है।देया स्टैंडर्ड गिरी गेया इस मनुक्खे दा ।
kangri_00155	घुग्गिया हुण मिट्ठे-बड़, लिआई करी ढोडे च रखणें , कनैं बच्चियां चाएं-चाएं सुआद लाई खाणें
kangri_00156	पाई ' दृएं दिन सरदा भिरी आया कनैं तिन्‍नी पंजाह्‌ रुपेये गिर्णी ने गड़बुए मी कै जुदा बखशे आल देई दित्ते
kangri_00157	इसदा /इद्हा कारण एह ऐ भई लग्ग-लग्ग जगहां च इन्हां प्रथां ( प्रथां) दी नुहार लग्ग /ल्हादा/ जुदा थी, पर/अपर प्रथां थियां जरूर
kangri_00158	राखी : पिताजी ! रखड़ी दे इस कच्चे तन्दे च बड़ी ताकत हन्दी ऐ
kangri_00159	एम्पलाइमेंट एक्सचेंज रा कार्ड कड्डिया कनैं सोचिया भई ' इतणी लम्मी नौकरी करी ने वी मैं पक्का नीं होया,
kangri_00160	भाऊ कुराी दी रंड भटियालनी तां तिस दे मते तरीके हुन्दे
kangri_00161	इक बरी जां, जी मुडुऐं तिसजो मखौले-मखौले च रढ़याणे तांई पुच्छेया तां कुड़ी, मुडुए दियासंभाबना नै उल्ट बोल्ली, 'हां होई-येई
kangri_00162	मैं भिरी सरपंच होरां यो अरज करहगा, जे सैह हर नौजुआन-बुहड्डे-बच्चे यो, इसा गल्ला ते प्रेरित करहंन
kangri_00163	हास्य व्यंग्य निबंधां च समाजा दे केई पखां दी बक्खियां मिट्ठ-मिट्टे हास्से सौगी व्यंग्य दे बहानैं उधेड़ने दी कोशिश कित्ती ऐ
kangri_00164	चला! वो चला! सब अपणेआं-अपणेआं ध्योआं चलाखडु चुक्की करी चली पए
kangri_00165	भिरी क्या था, तिन्नां दूएं, दिन अपणे ढिड-पीड़ मचाई लेई कनें लगी सैह् भुइयां बिलसण
kangri_00166	दीपक कुल्लुवी:-ओ दुसमणा मेरी इत्थु जान निकला कदी तिज्जो मज़ाक़ सुज्झा कदा
kangri_00167	गीता : धनवाद मैडम तुसां असां जो खास महत्व दे बारे च जानकारी दिती
kangri_00168	कनै जौंडे सुण्या था कि बगै बिच कई भूत परेत भी मिलदे हन । बचारा अज फसी गिया था
kangri_00169	तिद्दी इक ख़ास गल्ल थी जे सैह आखरी पीरियड लैंदा था।
kangri_00170	दस डॉलर दिए बिना कोई भी इस कोर्टे ते बाहर नी जय सकदा है जजें अपनी या जेबा ते दस डॉलर कढ़ी कने मेजे पर रखिते।
kangri_00171	गंगीया जो गळुए ते न ता अपणे घरे दा रस्ता ही पता था न सौर्हियां दे ग्रांएं दा
kangri_00172	भगतुए रा मन हुण छिंज्ां घुलने तों वी हटी गेआ |
kangri_00173	रि'या जोर लाई पर ऊंट शब्द वी तिसजो चेतें न औएऐ
kangri_00174	रात्ति जगणे आले़ पैंछियो भारते दिया धरतू पर देवतेयां साईं माह्णू बी बस्सदे जेह्डे़ कुदरत राणिया जो अपणी माँऽ गलांदे।
kangri_00175	ठीक ! मैं इक नसी ऐ | तुसां क्या करदे? मैं मनोविशान च इक मुखिये कन्ने कन्न सलाहदाता वी ऐ |
kangri_00176	मित्रो दुंह दिनां च दो वड्डे कलाकार इसा दुनियां ते रुख़सत होई गए ऋषि कपूर कने इरफान खान ।
kangri_00177	कि जिबन बस दे रूपे च खरा ए ।तुसां लंबिया उमरा ते बाद अराम करा दे। बिल्कुल होर मै इसजो इंजा इ बनाए रखने दी उम्मीद करदा।
kangri_00178	अपणेयां हत्यां बकरू बह डगे कनै पेट-भरी खाई – सौई रैहगे
kangri_00179	क्या गलांदा हुंगा तिहा दा दिल ? एहत्थू जरा की मांड कंड्डा ई लगी याये, तां किहतड़ी पीड़ हुद्दी ऐ ?
kangri_00180	बड़िया देरा बाद या जो गलाया, "तूं मिंजो हडू ता दस्स? तिजो भत्त बचेया बी है कि तारा भत्त रोज़ मिंजो ही खुआई दिदी
kangri_00181	ओच्छी राजनीतिए कने ग़लत, झूठी बयानबाजिए ते बची बची के रेया।
kangri_00182	लोह्का छोट्टू बडा़ खुश होई बोलणा लग्गा,"परमात्मे दी बणाइयो कोई चीज़ स्हाडा़ माडा़ नीं करदी
kangri_00183	जुएणौ खि हाथ जोड़ेऔ नमस्कार करौ।
kangri_00184	शुभ संझ ! तुसां कदेहे हन ? बड़ेखरे !
kangri_00185	भतेरा ऐ घरै, किछ नी लैंणा-" श्याम्मै गलायालेह भाई कल्याणेयां, सुणी लें ईयां इकवी सांहऐंदस्स हुंग-?
kangri_00186	खेतों में आग जला कर गांव के बच्चे "आई दीआली सुणा ओ लोक्को" गाते हुए मस्ती में झूम-झूम कर नाच रहे थे।
kangri_00187	रितु:-हुण क्या करिए सरकारे दा हुक़्म है मनणा तां पौणा?
kangri_00188	शाह : (गुस्से च) सुण ओए पुरोहता ! १ मिन्जो बार-बार दिक्खणा ऐं तै मेरे तलुबे चट्टणे हन्न
kangri_00189	क्या औणे आळी पीढ़ियां अपणे आप्पे जो इहा/इसा भासा/भाखा नै/ कन्नै/ सौग्गी जोड़ी नी पाणा ।
kangri_00190	हिन्दु तिब्बतियन राष्ट्र दी कार्यकर्ता ।
kangri_00191	अज्ज बॉलीवुड दे बड़े वड्डे कलाकार इरफान खान इसा दुनियां ते रुखसत होई गए
kangri_00192	तिन्हां पखलेंयां च परमेसरीए दा बब्ब कल्याणा, दादू वूटा वी वैहठ्यो
kangri_00193	जादा सैही कोरोनॉ पॉजिटिव निकले
kangri_00194	के मैंनूं ई एह पता हुंदा - , ता मैं वी कदे नई सी आंऊणा- ओस वेले ई, नां मैं तैन्न बरंग भजा देंदी जयेंद्र दी लाड़ी रोई याऐ कनै गलाई याऐ
kangri_00195	सूबेदार होरां – ग्लाः भेई इकदम परतो ओन
kangri_00196	भला चाचू , मह कुम दे रुआज्जे च औंदा ? क्या वचारीया तिहा यो जांन नी-?" श्याम्मै पुच्छेया
kangri_00197	प्हाड़ नाएं दा इक्क बाबा जेह्डा़ ऊप्पर चुंडिया रैंह्दा म्हेशा गांऽ बधणे जो इ बोलदा।
kangri_00198	दुनिया दियां डेहरियां बत्तां एह कनैं मोंड़ बड़े मरड़ोएयो न
kangri_00199	कांगड़े विच मसरूर अपणे आपे विच 'नूठी जगह है कैंह जे इत्थू इक्की ही टोह्ल्ला ते बणेयो चौदह मन्दर हैंन।
kangri_00200	उसते परंत साधु महाराज अग्गें अरज़ कित्ती कि महाराज तुसां मिजो कोई ऐसा उपाय दस्सा जिस करी के मैं हुण चोरी न करी सका
kangri_00201	'क्यों साहब, असां लोक सान कद् तिककर जांह ग्गे ?'–'लड़ाई मुकणे पर
kangri_00202	मैं जाणदा मैं कल कुत्थु बैठेया था कने कुणी मुंगफल़ियां दे सिक्कड़ मेरे कोटे च पाए।
kangri_00203	कहीं सात्विक भोजन का तो कहीं मांसाहारी शराब पीते हुए गुलछर्रे उड़ा रहे थे।
kangri_00204	एह नानक, बाबू फकार वन्दै ५ धाईं-ऐ चढ्या-बाबुएँ ई
kangri_00205	अब वो बातें नहीं रही हिमाचल के लोग भी अब चालाक हो गए
kangri_00206	मुझे बड़ा अफसोस है रीझू राम नई सरकार ने पटवारियों का इन्टरव्यू रद्द कर दिया है
kangri_00207	छड्ड नशा शराब एह शराब है ख़राब-
kangri_00208	असां इंसानियत दा फ़र्ज़ निभांंगे
kangri_00209	क्रिस्टी: करेन सैहरे च है? हाँ, तिस्सियो सौग्गी लेई आओ। लॉरी,तुहांजो करेन आद है? असां तिस्सियो मिले
kangri_00210	चुपचाप बैठी रेह कने एह बच्चे यां सा ही हरकतां बंद कर। दू एँ डांट या। एह सिर्फ फिल्म है।
kangri_00211	असें दे भाषा विदां च श्री मोलू राम ठाकुर, डॉ.
kangri_00212	अम्मा ः तुसां खेल कप्तान बनी गयो हन।
kangri_00213	असां इकलगत शिकार करी सकदे। मैं मअई दा आनंद लैई सकदा। बडे खरे दांए इक तरीक रक्खयो तां जी असां बाअर घुमी सकन ।
kangri_00214	इस तांई छोड छोड कम मुकाई लैंदी आली नोणा बि ए कनै वाल बि धोने हन इसच टैम लगना ए
kangri_00215	इसदा मतलब सैह मिंज़ो ते दुगणीखीर खाईया हुणा
kangri_00216	रवि : (ने आई के) बोल जलील इन्सानियत दे भुक्खे कुत्ते मानसिंह !
kangri_00217	घोर ग़रीबे दी लाड़ी तां होंदी सभनी दी भाभो
kangri_00218	अपर सुपडेंट नैं भरी नीं चलो छड्डो गाह् कम्मै आई जांगी
kangri_00219	एह 'रूआज' नीं, अपंण कलंक ऐ, सैह वी औरता दीया जाती पर इसीयो तां भाई, परमेसरीए स्हाई जुआन-सतांन ई मटाई सकदे हौले-हौलें.........
kangri_00220	छिकदे कने खंगदे वेले अपनी आडकना कनै अपणा मुह ढक्की लैना चाईंदा। कणै अपणे हत्थ खरे दांए साबणे ने धोणे चाईंदे।
kangri_00221	दिलचस्प विषय मैं इक्क नर्स हैं। मैं मास नी खांदी ।
kangri_00222	नमस्ते, अज राती कदेह हन? छैल व्यस्त जहलू छोटा लगातार ध्यान चाहंदा।
kangri_00223	माइकल शिल्प वास्ते इक्क ख़री दकान है।एह महेसा लैदियाँ चीजां जो वहन करदा है,कने तुहां करी सकदे हनवहाँ लगभग कुछ भी खोजें।
kangri_00224	सुमित दी दितियो धोती डोरी कन्ने दस रूपये मिजो चढ़ाना लगे जिन्ना बोलादे होणे," दीदी मिजो पुल्ली गयी??""
kangri_00225	शाह : मिन्जो मुआफ करी दे बच्चू ! मैं अन्हां होई गिया था बेटा ! मैं राखी दा कतल करने पर मजबूर होई गिया था रवि !
kangri_00226	वह सोचे जा रही थी...आज इतनी रात गए राजू घर क्यों नहीं लौटा?
kangri_00227	पैरांच चप्पल, बुजया चेहरा, अलग ही पहरावा, उप्पर कुर्ता, थल्ले केरेदार लैगा जेई कपड़े
kangri_00228	डाक्टर वासुदेव होरां बोले - थानेदार साहब! छड्डा परें, आपसी समझौता करा कनै घरे जो भेजा
kangri_00229	काश! किछ लोकां दे दिल साफ़ हुंदे
kangri_00230	जे तुसां मेरिया पिट्ठी खुरकगे तां पक्का ही मैं शर्त लगान्दा कि तुसां बड़ी भारी कॉफ़ी पीन्दे हैंन।
kangri_00231	नवरात्रेया च चोर उच्च क्के भ्रष्टाचारी सब भगवाने अला मत्था टेकदे कने पापां दी माफी मंगदे।
kangri_00232	थोड़ी देरीच रंग मंडली दे सदस्य गुपचुप बिना दस्से होटले दे कमरे ते लुप्त होई गये।
kangri_00233	जिन्नां अपणेयां मांऊंचवां छड्डी औणां घरे वाणां, सौ दुख सैडौं
kangri_00234	एह दिक्खी, मुसकरांद्दा श्यांम्मां झट. उठेया
kangri_00235	किच्छ नी बोलेया चुप कित्ते समाने वास्ते बैग चुक्केया कने क्हरे बाहर बजारे दी तरफ़ चली पेया।
kangri_00236	पुरोहित : सेठ जी ! मैं तुहाड़ियां कमीनगिया जो समझी गिया हां
kangri_00237	तां मैं बोहलगा-, भला कहनी म्हारीयां कुड़ीयां, म्हारे आणे आले नौऐं चेहरे-, हस्सी-खेहल्ली, अपंणीयां घरेल्लू-जिंदगीया गुजारी स्हकंन भला?
kangri_00238	स्टीव, प्रोडक्शन मैनेजर। मैं तुहां जो बाद च तिन्हा ने मिलवांगा कयो कि सेह इक बैठक च हन।
kangri_00239	सर्मा जी राम राम !अज के खेतिया दे कार्यक्रम. च औआ असां गलबात सुरु करने ते पहले तुसां दा इस कार्यक्रम च औणे ताईं सुआगत अभिनन्दन ऐ।
kangri_00240	बगदा पाणी छड़वांदा सैह् क़ब्ज़ा
kangri_00241	जोन्डै पैरां थुड़की ने छुटणे दी कोस्त कित्ती पर तिन्नै देही मड़ झफ थी पाइयो जे छुटी नी सकया
kangri_00242	इक दिन छुणाकिए बिाघ दी इच्छा भी पूरी करी दित्ति.
kangri_00243	सैह बोलणा लगे, "दिख नारद भगत! तू कन्ने तां क्या हऊ कुसी ने भी झूठ नी बोलदा
kangri_00244	अपणी जगह छड्डी के इज़्ज़त नी हुंदी
kangri_00245	हुण सैह् सबेल्ला-ई खाई-पी घुम्मणा निकल़ी पौंदा कनैं संझकड़ैं बेल्लैं पैह्ली पक्कदिया-ई घरैं आई बड़दा हा।
kangri_00246	लवलीन अंग्रेजी पढ़ादी कन्ने छोटी पैण मनोविज्ञान ।
kangri_00247	गिदड़ें थोड़ा देया गांह् जाई भी हक्क पाई, “डुःड्डी, ओ डुःड्डी!' मगरमच्छे अन्दरें तैं बोलेया, "है-आं." -
kangri_00248	बक्ख होणे तों बाद जदों वी सैह भरमौरे तों चलणां लगदे तां अपणियां-अपणियां भेडा, बक्करियां गिणीं लैन्दे
kangri_00249	सुश्री कोल : क्या तुसां अपनी खास लाईन पढी? मोती जिंदडी जो बनाई के नी रक्खदा
kangri_00250	लम्बरदार गद्दिए दिया इसा गल्ला सुणी करी बड़ा हाण होया, गलाण लगा, “अच्छा, हुण रात कट्ट, भयागा तड़कें ठाणे चलगे
kangri_00251	आह मै दरअसल च कोलजे च ख परिष्कार ए। मै कोलजे च अपने तिन सालां पुराने तैयारी करादा। कदी बी छोड शुरू नी करी सकदा ।
kangri_00252	पर गलतिया ने सैह इक देईया कुर्सिया पर बैठी गया जेडी सिर्फ राज टव्वरे बासते रक्खियो थी।
kangri_00253	रात होणा लग्गी तां सामे दे तम्बूए बिच गैस वाळी दित्ता कनै ताल्हू ही साभ बाहर निकळया
kangri_00254	निन्दर होर गाढ़ी होई कनैं ऊंट निकली गए, र॒ुल॒दू घुड़ाके मारदा रि'आ
kangri_00255	इन्ना तां मिजो बी अपणे स्कूलेच पुंजड़ा हुन्दा, तांजी मेरा स्कूल उसदे स्कूलेते दूर था, कन्ने रस्ते बी अलग ,
kangri_00256	इस शाहे दी मैं बोटी-बोटी चूसी खाणी ऐ तां जे कोई शाह फ्हिरी कुसी कलिया दा मखौल न उड़ाई सके
kangri_00257	माइक: सारेया ते पेहले ,मिन्जो खरे ने अपणा परचय दा ।मै वित्त विभागै दा परबधक आं।जियां
kangri_00258	तुस्सा मेरे पिछे बड़े कष्ट झलयो
kangri_00259	एह विद्वानां संतां फ़क़ीरां दी धरती ।
kangri_00260	भिरी अहां कह तिहा पर कलंक बंणी बैठ्यो ? केहनी सांज्जो अपंणां फरज सजदा ? औरत जाती दा अपंणां फरज ऐ, मर्दा दा अपंणां
kangri_00261	जेहड़ा इक इक मिन्ट सींगगा तिसि जो इक इक रूपेइया. मुखत इनामा च
kangri_00262	ऊषा उट्ठी-चौहंन्नी पाहेंयां नज़र घमाई तिन्ना-
kangri_00263	एह बहुत बुरा ऐ। पर जाहलू बिक्री हूंदी ता हां! बधाई होऐ । मेरीयां तिन बैहनी वेब डिजाइनर बी हन।
kangri_00264	गांव-गांवे सड़क, बिजली ए गली-गली
kangri_00265	तुहां दस्सा सैह म्हाणूं ऐं जां डंग्गर ? डंग्गर वी वचारे अपंणेयां मालको ते प्यार पाद्दे
kangri_00266	गल्ला मनणे आले, नीठे नीऊएं, सोबता लग्गयों होंदे
kangri_00267	भिरी तिन्‍नां निक्किया कुड़िया अपणें बब्बे जो बोलिया भई, '' अपणों फौज भेज, असां वी अपणीं फौज भेजी ने बडिडिया रा राज वापस लैणां''
kangri_00268	जॉन: हां। केहेंकी मेरे माता पिता दा घर बड़ी दूर ए, इस करि मिंजो स्कूले दे नजदीक इक अपार्टमेंट तलाशने दी जरूरत ए।
kangri_00269	फटि वी ऐ सकदा 'पवन' ख़्याल करना
kangri_00270	बाकि सब्बो जाणदे गार्गी,मैत्रायणी,लक्ष्मीबाई,इंदिरा गांधी,कल्पना चावला जो तिन्हां दे कम्मां दियां प्रशंसा होन्दियां।
kangri_00271	ताल्हू जे मेळे ते बार्ह निकळी ने सैह जबरा सिद्धा सिद्धा चलणा लगा था
kangri_00272	तथा लोगों ने उनके आने की खुशी में घर-घर दीपक जलाकर उनकी विजय को मान्यता दी थी?
kangri_00273	सारेंयां ते बड्डी इक्को ई गल्ल, जे जागत तिन्हां दा डुंडा, रोहला है, तां-सां चलो. कुसी हद्दा तिकण, ठीक वी ऐ अपंण
kangri_00274	पहली बरी दिखया ने मर्यादा तोड़ी करी सारियो जुणासो रोदियां करतांदियों शमशान घाट गईयां कने जाना मसाटेकी करीतपणी पाई
kangri_00275	मैं तां अरा, एह ई सोचदा नां, जे अपणे एह-, परमातमैं हत्व पैर, हर चीज दिहतीयो, भिगे दुए दे आसरे पर कयो बैंणां
kangri_00276	तदूं पंजाब यूनिवर्सिटी हिमाचल प्रदेश दे सोलन शहरे च हुंदी थी।
kangri_00277	पर ये लोग बड़े वोह हैं--- इनकी कथनी और करनी में आकाश-पाताल का अंतर है।
kangri_00278	साईन बोर्ड पर 'बीएससी' शू कंपनी अंग्रेजी हिन्दी च लिखवाई लैआ
kangri_00279	हुण मैं क्या करां वो, मेरिए जानी ? गंगिएँ डूड ही मारी दित्ती
kangri_00280	हे नारद! परमात्मे दे नौंआ पर इन्नी महात्मे अपणा घर-बार, धन दौलत कटुम्ब बगैरा सब कुछ छडेया
kangri_00281	जा सह सस्तोई करी उठिया तां तिसजो खिचड़ी शब्द भुली गेया कनें सैह 'खा-चिडी , 'खा-चिड़ी' लगी पिया गलाणा
kangri_00282	हो-हो....हा हा......ही-ही......होई बस! _____ ग्लादे-न जे गजूलिया री खुरक हटाणी होऐ तां गाई मैहसी दा गोआ जिस्मैं मलणा चाहिदा
kangri_00283	तिन्हां दे मास्टर कने बुढ़े परचुआं भेजा दे कने सुपरवाईज़र चाई बिस्कुटां गड़कांदे जल्हे-जफ्फे बणी. खड़ोतयो
kangri_00284	मारथा : तुसां नाशते बासते क्या चाअंदे?। लोरा: मिंजो लगदा एकि हमेसा सांई कुछ अनाज।
kangri_00285	घोंसले च पौहंची के चिड़िएं सब बच्चेयाँ जो चौले दा दाणा खुआया ।
kangri_00286	रबार क्या कल्यॉणेयॉ,-परां पर पांणी नी लैंदे, चौर तां श्याम्में दे आई चुक्के
kangri_00287	तिन्नी पिछले जूने च स्नातके दी उपाधि लित्तियो कने सैह अगले हफ़्ते अपणा सखाणे दा क़म्म सुरु करगी
kangri_00288	मिन्जो हस्सा आया मैं गलाया:तुसां पैंछी भी असां माह्णुआं साईं पीड़-तौऽ करदे,देया जाणियै बडी़ खुशी होई।
kangri_00289	इस च रोटी कने इक दोषी ओवन शामिल था।
kangri_00290	पंज्जां-सत्तां दिनां बाद मस्तरामें आनी च लगाई दित्ता आम्बली दा बूटा ल्याई करी जोर अम्ब, मरूद, नीन नाटिया च लगया था,
kangri_00291	फ़ी बरड़ सुक्की खल्ल जमीन्नां उप्पर पटकांदा कनैं बरड़ी जोरैं-जोरैं ढां मारना लगी पौंदी।
kangri_00292	पर इतना होणे पर भी तिस महात्मे दी चमक, तिस दा प्रभाव नारदा पर एढ़ा पेआ जे तिस दियां हाखीं तःढ़ी गइयां
kangri_00293	कौलजै अपणी प्रधानता कनैं रोब-शोब जताणे ताईं एह नौएं-नौएं छोकरूआं जो पहलैं-पहलैं देर-सबेल औणे ताईं दूं-चौऊ दे बिच बैठ्यो जरकान्दे
kangri_00294	“संह ई गल्ल-? वोलंणां लग्गी, तुहां नां-तिहा देंयां जागतां भका दे, जे ब्याह मत करदे -"
kangri_00295	पर अज ता हाली संझकण्यिा बत्तरा जाणा है
kangri_00296	दूर-दूर तक न्हेरा सुज़या तिस्स जो
kangri_00297	जेन: लेस्ली, क्या अहां दपहरां दा खाना ख़तम करने ते बाद अपनीया माता जो फोन करने तायें तुहां दा सेल फोन उधार लई सकदे?
kangri_00298	साह,ड़े प्रदेश च बी नाटक कोई नई चीज नी हन्न
kangri_00299	ब्राह्मण ज़ज़मान्नां नैं कथा करना गेआ हा।
kangri_00300	दुआ देई ने रोगिए पर पंज-छ: खिंददां ओढ़ाणे जो गलान्दा हा
kangri_00301	तिन्हां नक्क-नक्क लीक्कां कड्ढियै सौह्रे ते मुआफ़ी मंग्गी लेई कनैं भिरी नौंइयां सस्सू दे पैरां बी धोई- धोई पीणा लगी पेइयां।
kangri_00302	माऊ समझाया न्याणेयो!ऐ सब्ब म्हारे कर्मा दा भुगतान ऐ।
kangri_00303	सच! खास तौर ताहलूआ ते जाहलु मैं रोज़ हूस कन्ने पीटा बैइ खाई सकदा था |
kangri_00304	म्हारे बुजुर्गे शहीद हुई कन्ने ग्रहण किति री ये अज़ादी
kangri_00305	कोई शौक़? हाँ जिञा कि इलेक्ट्रॉनिक इलेक्ट्रॉनिक नाच संगीत , बस पता चल्ला कि एह है कुसी भी सीडी(?) मिली गेया? कोई पालतू पशु नी।
kangri_00306	कदी ग्लान्दे तेरा ता नक़्क़ तोते जेया गॉल सूरनिए कने लबबड़ खरगोसणिए सांईं।
kangri_00307	मेरिया इसा/ इहा रचना जो तसल्लिया कन्नै सारिया जो पढ़ने दा मान/श्रेय श्रीमती किरण कनै श्री रविंद्र परमार दिया जोड़िया जो बि जांदा ।
kangri_00308	बालपनेच उदे होर मेरे बिच जेड़ी प्रीत दी डोरी बनोई उन्नी सालांच तक साझो बन्नी रखया।
kangri_00309	बच्चेयां दे सुखद भविष्य खात्तर ज़रूरी टिप्स
kangri_00310	लगदा ग्रहण जाहलू औंदा डुबदा नज़री धियाड़ा
kangri_00311	अपर मतेयां घट लोक्कां-जो एह सोचणे दा टैम होंदा भई बिजली कटरोइयो कुथू कनैं बणदी कुथू कनैं किड्यां?"
kangri_00312	तूं ई जरा की सोच माता, क्या इस च, लोक्कां दा भला हई नौं भला-?- __""-- सैह तां तूं ठीक बोल्ला नां-अपंण मेया, इस च इजता दा वी सुआल हुंदा "
kangri_00313	बोल्या - 'महाराज ! मैं कनै मेरी पत्नी संझकणियां बेला सैर करने जो निकले
kangri_00314	एत्थू मेरा ई इक्क गिदड़ भाऊ अपणे टब्बरे सौगी तेरे घरे अन्दर मौज मस्ती करा दा,
kangri_00315	तां कुड़ी वी घट थोहड़ी पहलीयो- चौदा किहतीयां; नरस लहगीयो
kangri_00316	तिसा दे वरतणे गलाणा ऐ जे सैह कितणी गुणवान सुशील कने अप्पू पर काबू रखणे आल़ी ऐ ।
kangri_00317	भई मेळे ध्याड़ी मै तिजो तळियो रोटी देई दिया करघी तू होर कुसी ते मत लिया कर
kangri_00318	मैं आट्टा गुन्नी दिंदा दादी रोटियां सेकी देंदी दादू तुड़का पाई छड्डदा फ़िरी सारे मिली जुली के अम्मा जो खाणा ख़ुआई दिंदे।
kangri_00319	पिंगलक दे हाव भाव चाल ढाल उसदी गलवात आखीं कने चेअरे ते साफ पता लगदा कि सै डरया ए ।
kangri_00320	जां वी घर आऊन्ना, उदोंई कुज-न कुज लड़ाई शुरू हो जांद्दी
kangri_00321	उस गराएँ च दो साधू आये जो हर वेले गुण गुण करदे रहंदे थे
kangri_00322	तिस जो गौह् हा जे तिद्दे घरे ब्हाल़ी तिद्दे बग़ैर इक्क गैं बी नीं ही पुट्टदी।
kangri_00323	जे मेरेयां पियोक्कयां ते तुहां किछ मत लियोंहे ? भला चंग्गा तिन्हां अप्पयींयां सरंम सरमाईय्या मुजग दैणां ई था
kangri_00324	माइक: जॉन, मिन्जो अपणे वारे च थोड्डा दस्सो
kangri_00325	सइका पारें चाई दिआ . दुकाना वही मेजे पर ग्लासां ठोरदे कई किछ बकदे, स्कीम घड़दे
kangri_00326	मारे ग्रांएं च चरचा सारे लौहक्के बड्डे, जवरे-खुवरे तिसदे फैसले दिक्खी रहांन रेहई ऐ॥
kangri_00327	बजीरे सोचया ब्राह्मण बेवकूफ है
kangri_00328	हमीरपुरे च ऐन आई टी,पॉलिटेक्निक कॉलेज इंस्टीट्यूट
kangri_00329	ड्रग्स सक्षम है तुहाड़ी जिंदगी बर्बाद करणे खात्तर
kangri_00330	निक्कूये दा बापू पले ही इस्ते नराज हो, पर उसदी माँ अपणे जो बोत तनी समझा दी कि चलो होर किछ नी तां बी मेरा मुन्नु लीडर तां बड़या।।
kangri_00331	पवित्र हुँदा है ,अतुलनीय हुँदा है।मां तिज्जो तेरे ज्ज़वे जो सलाम
kangri_00332	एह कार्यक्रम भाषा कला संस्कृति अकादमी शिमला दे सौजन्य कने अयोजित कित्ता गेया।
kangri_00333	प्रतिभा:सच गलादी अपर अज्ज भी पुरुष प्रधान समाजे दी मानसिकता नीं बदलोई।
kangri_00334	माऊ चुल्ह लिप्पितीयो ही कन्नैं शिवा खीर चढा़इतियो ही।
kangri_00335	माऊं ताईं एह इक्क जीवनशैली ब्लॉग है।
kangri_00336	जे संविधान दी बजह ते तिन्हां भारते च ई रुकणे दा फैसला कित्ता जदकि संविधान टुकड़े होणे दे तिन सालां बाद लागू होया था ।
kangri_00337	सिलमा हाले च कुण पाग़ल रोटी बन्नी के चलदा
kangri_00338	धुआड़े ई मुंड्डुए दे बरेस्सड़ नं,- तिसदीयां दो-होई पेंईयां, कनं तिन्हां वो हल्ली ब्याह वी नीं-? जां गलांणां तां नांह-- जां गलांणां तां नांह
kangri_00339	लग्गै जिहयां एत्थू वी मीरा जितणे की कनैं टीचा कुंडणे की बीह बीह् कप चा दिन च पीणे-पिआणे जरूर होन
kangri_00340	कमज़ोर गरीब कने दुखी लोका जो जिथू अन्याय कने ताकता कने दबाया जाए सेह समाज कने देश कदी खुशहाल नी रही सक दा
kangri_00341	मां पुच्छदी बणया कुछ ? रसीला हाखी ते दो बून्दां खाकां पर टपकान्दा-टपकान्दा बिन गलाएं-बोलें अन्दर जाई सौन्दा
kangri_00342	मणोवद्धे आम्बले लगणे, दो चार राज्जे दे जरूर खाणे, चार भी पाई लैणा, ग्रांए च भी खूब बण्डणे
kangri_00343	सेह परिवा र दा हिस्सा हन। मैं अपने पसंदीदा छुट्टी, हैलोवीन पर एली पोशाक। तु हां बला क्या ए हैलोवीन मज़ेदार ए।
kangri_00344	अज बड्डी दय पूरिया त्यारिया कनै दयालिया स्त बिजलिया दी चकाचौंध हुन्दी थी,
kangri_00345	किछ समा पहलें करैंचिया रैंहदेयां इक सौ रुपये कर्ज़ लेया था जिसदे व्याजे समेत दो सौ रुपईय होई गेयो थे ।
kangri_00346	आओह मेरे गोश, मिंजो नी पता कि अगर मिंजो जोव मिलणी हुंदी तां मैं क्या करदा''।
kangri_00347	दादीया गलाया करी उठी के चली येई कोई घंटा की भर व्हॅन जाई, भुड़कदी रेहई
kangri_00348	रेडीमेड या कपड़ा। वैसे मेरे बाह ली अन स्टिच ड सूट बी हन " दुकानदार ग्लाना लगा। "तुसा जो रेडीमेड सूट बी अच्छे कने सस्ते मिली जाने।
kangri_00349	जस्ट इण्डिया मैगज़ीन च मेरी कहाणियां,ग़ज़लां कवता प्रकासत होईयां होआ करदियाँ हन
kangri_00350	मेरा ख़्सम खलासी रटैर,पुत्तर जूनियर क्लर्क,मैं तिज्जो पता ही है लोकां दी जराबां बुणदी।
kangri_00351	गल्ल एह ऐ चाच, कुआर रहणां मंजूर,-अपंण मैं देह-देहईय्या जगाह बियाह नी करी ईय्या
kangri_00352	सैः चलदी-चलदी धमकी देई गई, बोल्या-"पलसा बगैर तेरा भी दमाग ठकाण नी औणा
kangri_00353	पड़े स्संण, बाहर निकली के, झट गलाई पेई – “अज किछ भलियाई नी लग्गा दी
kangri_00354	कुंडली चचंद्रमे दे कमजोर होने दी हालता च जल कनै फल खाई ने या निर्जल एकादशी दा व्रत जरूर रक्खना चाईंदा।
kangri_00355	बालवाड़ी। किंडरगार्टन शिषक जो बातें करते हैं उससे मैं हमेशा अचंभित रहता हूं।
kangri_00356	अम्मा:-क्या वो रामुआ बाहर कुत्थु जो चल्लेया तिज्जो ख़बर नी कोरोना दे चक्करे च कर्फ़्यू लग्गेया ?
kangri_00357	बस अड्डा मेला ग्राउंडे च शिफ़्ट करी दित्ता
kangri_00358	युनिवर्सिटीच अपणी सुन्दरता दे कारण सारेंया धी नजरांच रैन्दी
kangri_00359	इस पर सैह बालक न्यानेया सांई रोई के गलाना लगया सर यए धनुष मै नी तोडया गलाई के होर जोरे ने रोना लगया।
kangri_00360	उपरला नराड़ रिढ़िया पर था ता बुल्हा थल्लैं नाळे दे कन्हैं
kangri_00361	जेहड़े कम्म तुसां रे म्हीने बधे नेही होन्दै पटू पा पुआ, देवता की भोग लुआ फिरी दिक्खा इदा असर तत्काल, तालू कनैं सताबी
kangri_00362	दिक्खी के अखियाँ बी झुक़्क़ी जाए
kangri_00363	तिसा दी नूंह् बी जेह्डी़ मुम्बई ते प्हाडा़ च ब्याही नैं ल्योंदीयो ही हाँ चिक्कड़ बी इत्तणा होई जांदा जे चौंऽऊं पास्सैं गन्द पेई जांदा।
kangri_00364	पुरोहित : अच्छा बेटी ! खोरे ईश्बर जो इयां ही मंजूर ऐ
kangri_00365	तैय परसेंटेज दे बिना कुसी दी इनक्रीमैंट, बिल, टी. ए. बिल, एरियर दा भुगतान नी हुन्दा था
kangri_00366	खैर, संह टैम श्याम्मैं खड़ोंई, अप्पणीयां इन्हां गल्लां नैं बदली इत्ता
kangri_00367	अज़ तुहां कदेह हन।मेरे परिवार कने रेस्तरां च। तुहां कदी हैरी पॉटर पढ़या?
kangri_00368	चिमटे यो झाड़दै सूरमऐं बोल्लेया-, "चल अडीए,-नौक्करीया आलीया यो नी मंनदे, तां नी सेहई
kangri_00369	क्या तु हां योग या कोई दु ए स्ट्रेचिंग व्याया मे दी कोशिश कीतियो? मिजो अप नि या पीठी दिया वजह ने कुसी जो बी टाइम दे ई सक दा ए।
kangri_00370	नील्ले अंबरे दा साफ़ा तिसदे ऊपर लहरांदा सुझदा।
kangri_00371	कष्ट मिटांदा भक्तां दे ओह गिरदे नूँ फड़ लैंदा
kangri_00372	मजबूरन मुझे अपनी औकात पर आना पड़ेगा।
kangri_00373	अपणी ग़लतिया ने बेमौत ही मरणा होंगा
kangri_00374	जे मॉस्क ही लगाणे पौणे तां फ़िरी
kangri_00375	तुहां वाल कुस्स विषय दी किताब एे
kangri_00376	ग्ला करदा जिसजो तू नीं बेवफ़ा ऐ
kangri_00377	दिख रहामजादा जाण्ही जो ही घेसळा बणी ने सुत्या था
kangri_00378	नेंसी: चिंता मत करा, जॉन। तुहां स्कूले च सदा खरा ई किता। मिजो पता ए कि तुहां दे अच्छे ग्रेड मदद करने वाले हन।
kangri_00379	प्हाड़ इह्यां लग्गा मन्नां कोई जबरा गैह्रिआ सोच्चा च बैठेया होए ।मन्ना सूरजे ते अपणिआ चिल्मा जो सेक लैदा होए।गुड़गुड़ करदा लग्गै मन्ना
kangri_00380	पुत्तर किछ दिन घर रैंह्णे परंत लाड़िया जो अपणियां माऊ ब्हाल छड्डियै राजे दीया नौकरिया जो चली गेआ।
kangri_00381	एहत्यू तू हुण करी दें नांह,-तां पक्का इन्हां यो सक पेई यांणा, जे श्यांम्मा अहया था, सहई भकाई ईय्या होणा ! मैं वंणी यांणा भिरी उमरा = दुसमण
kangri_00382	सारयां दे टोहब्यां जो लकड़िया जा लोहे दिया पत्तिया दे दरवाजे कनै मजबूत जन्दरे लगियो रैहन्दे
kangri_00383	अदेए बम्बूकार्ट व्हाले यां दे भिचकारे-चां होई-नै इक मुण्डू कनै कुड़ी चबाटे दिया इकसी हटिया पर आई-मिले
kangri_00384	रस्सिया ने बझया गिदड़ ठोकरां खांदा, झिल कण्डयां ने पलचोन्दा जाल्हू शेरे सौगी जंगले च पुज्जा
kangri_00385	जज लाड़ा लड़िए ते:-तुसां दोनों जणे इक्की दुए ते तलाक़ कैंह लैणा चाहन्दे?
kangri_00386	दिक्ख मितरा ! कदेया बेला आई गिया है। लोक डंगरां कियां अलबेलेयां छड्डी दिया दे हन्न ? बचारे दांद-बैह्ड़ू ताँह-तुआंह भट्टका दे हन्न।
kangri_00387	"तुहाडड़ी कानणी सैह् स्हाडड़ैं लेक्खैं।
kangri_00388	लुकै मसौलिऐ, टिटलै चुपै दोयी पियाडुआ धोरा
kangri_00389	इक पासे मेजे पर शराबे दी अधी बोतल पैडयो दिखी करी मंगलें चुका, पीती, बिना कुछ खादयां-पीत्यां तिथू-ई-बैडे पर लमलेट होई गिया,
kangri_00390	सारा: यह मेरे साथ ठीक है। आप कहा मिलना चाहते हैं?
kangri_00391	हफ़्ते दे आखिर च। मेरी मॉम एक बहोत बधिया कुक ए।
kangri_00392	पछने ने सैह फोड़े फिणसी कनैं ग़िल्लड़े तकर बड्डी दिन्दा हा
kangri_00393	सिरमौर चैप्टर दे अध्यक्ष हन शिक्षाविद अजय सर्मा
kangri_00394	बाजार में आकर उन लोगों ने फिर वही हुड़दंग मचाना शुरु कर दिया।
kangri_00395	जज अपराधियां ने :- तुहाड़ी सारी दलिलां,अपीलां ख़ारज कित्तियाँ जांदी ।
kangri_00396	कई मॉडल कई टेलीविजने ने जुड़यो कई फिल्मी दुनिया ते
kangri_00397	'पुरोहित (अन्दर ही स्वगत) सूल तां हुण पौणां ऐं सब खीरा दे दुसमण:::
kangri_00398	भाऊ मिणता बगैर घर दुआर बिकी जाए
kangri_00399	मारथा: मिंजो रोज अनाज नी चाईंदा। मै तालू कुछ पेन किकस कने सिरप खरीदगा।।
kangri_00400	सामने नी ओंदा जालुए तक सई मायने च जनानिया दी हालत नी सधरदी जनानी नीति तां ए पर क्या उसदा गंभीरता कने कमकार होयादा ए?
kangri_00401	अपणे आपे जो चलदा पुर्जा दसणे दे चक्करे विच सैह केई बारी कुछ ज़ादा ही बहकी गेयो।
kangri_00402	जाह्लू रीझू होशा च आया तालू सैह अपणे होश गुआई चुकया था
kangri_00403	सल्लो चाची दे मुकाबले रघु चाचा बड़े मिटे सभाए आले मिलणसार, हंस-मुख व्यक्ति थे
kangri_00404	सुश्री कोल: पीने योग्य पानी सै पानी ए जेडा माहनुये बासते फाईटी ए ।
kangri_00405	सर्मा जी:- जी सबनां ते पहलें ता दूरदर्शन दे इस प्रोग्राम च मिंज्जो सदणे तांईं मैं चैनल दा तुसां दे जरियें धन्यवाद करदा।
kangri_00406	साहबें छाती नापी, उपरे ते : थलैं पैरां तिकर नजर दौड़ाई कनै रसीले जो लैणी ते बाहर कढी दित्ता
kangri_00407	तम्बाकुए दा इक्क रूप गुटखा होन्दा जिसजो कत्था कन्नें सपारिया नैं मिलाइए तैयार करदे।
kangri_00408	उपरे ते महादेव दिक्खदे जी रँहदे
kangri_00409	अच्छा सेठ ! बाकी हिसाब उस बड़ी दे ट्याले पर(डरौणी हस्सी)
kangri_00410	मेरे बिच इसा घटना दे बाद कोई फर्क़ नी आया।
kangri_00411	तिथू काळज हुंग्गा ता सारे लोकां जो सहूलत रैण्ही
kangri_00412	जां नौ- जुआनड़ियाँ छोकरियाँ जो पैसे, कपड़े-बाजियां-गिटियाइयां दिया लालरिया लाईये खूब बुक्कन
kangri_00413	पशुआं री, माहणुआं री, पक्खरुआं री अपणी- अपर्णी भाषा हुन्दी
kangri_00414	इसा लुच्च मांडिलिया च होर पंज रात मश्टंडे वी सामल होई हन
kangri_00415	ए बि सच है सियाणे ग्लान्दे जे बचपन विच शरारतां नी कित्तियाँ होली़ गिड्डा कने रड़काटी नी कित्ती तां कदूं करनी ।
kangri_00416	हिमाचल का मिर्ज़ा ग़ालिब लाल चंद प्रार्थी चांद कुल्लुवी
kangri_00417	ना था छैल्लो देवी कनै अपणे नाऐं मतावक ही छैळ बांकी
kangri_00418	मैं अनपढ़ बी नहीं, हां मां-बाप, खानदान कनै बड़े वज़ुर्गा दी राय कने ही जीवन दे फैसले होणे चाहिदे, मैं पूरी तरह तुहाड़े ने सहमत हां
kangri_00419	डाक्टर दे कैणे पर टैमे पर दवा, इन्जेक्शन, खाड़ा देणे पर कोई बी टिल नी हौन्दी ।
kangri_00420	दोस्तो मैं ब्रेड पकोड़े कने समोसे नी ख।दे पर तीना दा स्वाद सचमुच मेरे मने बिच था
kangri_00421	जालूं सैंह चली जा'उंग तां जिस तिसारी जान हुंग तिसदी मुंडी झट मरोड़ी दियां,
kangri_00422	बेहलड़ा जो अफसर, नेता सब चाह दे
kangri_00423	मैं करदा/सुणदा जी मिंजों पहले चाली पॉप स्विंग पसंद हन |
kangri_00424	भहा ता हुण, कचाल ए ये पतरे दा पाणी न. द्विारा क्या ? ठाक ऐ नीं-"
kangri_00425	सिद्धार्थ कने गरिमा रळी के एह फ़िल्म लिखियो है ।
kangri_00426	डेह्डी घंटे दी बजाय मैं पंजाह् मिन्टा च प्हाड़ चढ़ना लगी पेई।
kangri_00427	नारद जी बोले दिक्खया प्रभू ये तुसां दे भक्त कने तुसां दा नरादर करने आले सुक्खी प्राणी हन। इसजो हुनीइश्राप देई देया ।
kangri_00428	बच्चा ता सम्हाळ रखणी कित्हा अमली हुन्धा टैम नी लगदा है
kangri_00429	हां, कोई छड़िया कुड़िया ई देणे यो तियार होऐ, तां अहां बी ताहल्लू ई तियार कनै होऐ बी गरीव, वेरूजगार
kangri_00430	मैं बडा सोंदा तुसां जो संगीत पसंद ऐ? यै जानणा खरा ऐ।
kangri_00431	जय बाबे दी बोलदे-बोलदे भीड़ बिच बकलोई मत जांदी
kangri_00432	सरपंच्चे सौग्गी मिली-श्याम्मैं, बरयांम्मै परमेसरीऐं, ऊषा कनें तिहा दें बब्ब-, प्राएं च होंणे आलेयां व्याह दी लिस्ट तियार कित्ती
kangri_00433	देवतयां दी धरत शर्मिंदा ऐ,कितणी गुडि़याँ दुनियां छड्डी ती.......
kangri_00434	असां आम लोक चाचू सैम तांई खूब खरे थे। मिंजों नी पता तुसां दा मतलब क्या ऐ?मेरे चाचू ईक प्रिंसटन ग्रेड हन।
kangri_00435	अपर हलाट डंगर कुथू मन्नदे थे घीटुए जो
kangri_00436	पीन्ने-आं साह व, तूलियां दी डब्बी लेई-औन्नां'----लाई नैं लहणा सिह खंदका-च घुसड़ी गेया हण तिसजो शक नी रेहया था
kangri_00437	भाई, सह बीनी मंन्या. - भतेरा गलाई रेहया-, अपंग तिन्नी वी बस, सियाम्में हाईपर्श पर पांणी नी लेया
kangri_00438	ऐ गलाणा बधिया गल है जे मैं मूल रूप च बैटन रूज़ च जम्मेयां था।
kangri_00439	बधाई! तुहां कुस तरह दा कम करदे? धन्यवाद, मैं देखभाल करने वालेया लोका दी देखभाल करदा।
kangri_00440	परतापी हौलदार, बिकरम, सूक, सरण, तरलोका, जीबन, ईसरू, लाल्ला सभ बैठयो थे
kangri_00441	तां ई जागत खराव होए व्याहयो-बहरेयो, तें वो नी जणां मुंनूंओ
kangri_00442	मैं मुंड्डू, एह कुड़ी-, मैं देवता, एह पापंण-मैं पूजा दा फुल्ल एह पैरां दी धूड़-, जांन तां दंह ई च इक्को देहई ये नां
kangri_00443	लोक बचारे भोले-भाले हे, कनैं जगतू बड़ा चलाक हा सैह्‌ अपण्णी बड़ी फू'$-फा'$ रखदा हा
kangri_00444	अन्ही पऊरी इथि पुत नीं पछ्याणदे भाई
kangri_00445	मैं तेनू तिन म्हीनां. पहिला कह गेया सां
kangri_00446	जादातर टैम ख़राब करणे आले ही हुंदे हन।
kangri_00447	"हं-अ, बड़े म तुहां-हट परांह- बीण पिछी पचाह सट्टी तिन्नां, करी सिरे झकाई घिरी बैठ्ठी
kangri_00448	जेह्डी़ परुआरे दी परभाषा तिन्ही कताबां च पढी़यो ही तिसदे मूजब परुआर तिस्सजो नीं हा मिल्लेया।
kangri_00449	भिरी सैह् डैण लऊ लुहाण होई करी पेई गई
kangri_00450	सवा दे समुन्द्रे दी छल्लां मारी नैं, “बचा खालसा जी,' 'हटा भाऊ जी,' 'ठह रन्यों अम्मा जी,' 'औणा देया लाला जी,' 'हटा बा'छा'
kangri_00451	जोन्डे जो कोई भाऊ गलाऐ ता बडी चिढ़ लगदी थी
kangri_00452	बचारे हरनामसिंहे बल गोमतिया दे कुसी वी लांछणे जो नकारने ताईं कोई तर्क/दलील नी था /थी।
kangri_00453	हर महीने दिया सत तरीक ऐडवांस किराया लैणे तांई सल्लो चाची आई धमकदी
kangri_00454	समझदार सस्सू कनैं घरे ब्हाल़े नैं तिसा जो मुआफ़ करीत्ता।
kangri_00455	मिंजो लगदा कि इसा हुणकी परियोजना च विटकाइन शामिल ए। मेरे दिमागे जो तलया ए। मै बिठकाइन बिच पैसा लगाया ए। बुरा निवेश नी ए।
kangri_00456	अंत च ओत्थू हाज़र बुड्ढे व़ज़ीरैं इक्क समझौत्ता त्यार कीत्ता
kangri_00457	तंग होई ने हल्किएं छम्बा ते छाळ मारी दित्ती कनै कजिया ही मकाई दित्ता
kangri_00458	एह खाईके लोक शौचालय दी दवारां पर पचकारियाँ मारदे हन
kangri_00459	लाड़ा:- कॉर्नर आली सीट लैंगे थोड़ी मति फ़िल्म बी दिक्खी लैंगे
kangri_00460	बरखा दा पाणी बी कठेरी के रक्खा तुहाड़े खेतां,बग़ीचे, कयरिया च क़म्म आई सकदा
kangri_00461	न पीन्दे ता कदी कदी बड्डिया चड्डिया बिच ही इंहंया नी
kangri_00462	संझा-भियागा गणेसू ठौकरां री आरती-पूजा करदा कनेँ घमंडू जोरें- एुण-हुण मैण्या |
kangri_00463	मारथा : मिंजो कितना समान कने कितनायकैटफिश खरीदना चाइंदापूरी मछली पा
kangri_00464	इक धामो-धाम छाल लगदी क हलाट डंगरां नैं खेतर भरी जांदे
kangri_00465	कश्मीरे च इक आतंकी मुठभेड़े च पंज जुआन सहीद होई गये
kangri_00466	मैं तिजो बोलेया था जे आदमिए दे मासा दा लेप मेरे कालजे पर लगो तां मिंजो राम होणा
kangri_00467	पिछले कुछ हफ़्तेयां ते। पर हुन मैं अपू जो ज्यादा सभ्य टाइमें च घरेयो जांदयां दिखी सकदा।
kangri_00468	अम्माँ :- कने एह चैटिंग वैटिंग क्या है ?
kangri_00469	हर दौऊं म्हीनियां दियां छुट्टियां बाऽद रुलदुए रा नौआं बस्ता, नौईं दुआत, नौईं फट्टी कनैं रुलदू स्कूलें
kangri_00470	अटकीग़ा सब कुछ अंबरे ते पतालो तुईं
kangri_00471	के सरदा मती देर सोचटा रे 'हा एह्‌ गलल सोची ने सरदा खुदा बखशे आल चला गेआ
kangri_00472	दिखा एस एन जोशी जी शैल इन्ने खराब मौसमेच देकरी पुज्यी नी सकणे।
kangri_00473	नहीं जाणदी अहौं कुत गल्ला रूठे, गले लाई कै संज्जण अपं मनाणा।
kangri_00474	स्हांजो सोह्वत कनैं समझकार करने दा ढंंग ऐ।
kangri_00475	इस्ते सारे लोक परेसान हन, मज़बूर हन तिन्हादी सुनणे आला कोई नी।
kangri_00476	सुमनैं भित्त खोल्हे ता जोन्ढा देळही टपदा टपदा लटोई पिया
kangri_00477	अब वह तमाशबीन भी दुन्नो का ही पक्ष ले रहे थे।
kangri_00478	मैं आमतोर साले च कईयां रॉक कॉन्सर्ट च जांदा।
kangri_00479	मिजो रहस्य कने रोमांच नॉवेल पसंद हन।
kangri_00480	गल्ल ता राजे जो बड़ी अटपटी लगी पर, सोचणा लगया जे माहणुये दिया अवाज़ा च गलाणे वाला शेर कोई माड़ा धुड़ा शेर नी होई सकदा
kangri_00481	मै अपने ईर्ष्या दुर्मैक्स छड़ी दित् या।
kangri_00482	मै ठीक ए। अच्छा सिर्फ पंजाह शेड्स गहरा दिखना।
kangri_00483	नौएं साधुएं दी बड़ी खातर-बातर होई
kangri_00484	मानकीकरण होणे नैं मतियां गल्लां, संदेह, भ्रमां, वैहमां दियां दिवारां अपणे आप ढेही जाणियां
kangri_00485	हला हला दादी मै नी घुळदा कुसी ने भी
kangri_00486	इसा गल्ला अन्हा बजीर बोलिया, राजा साहब ! जाहलूं जे राणी साहबा पडदे नागें लंगी तां तिसा री चाल इय्यो देई थी, जिंयां वैश्या री हुन्दी
kangri_00487	ईयां जिह्या नाईएं कुसकी रे सिरे पर देया उस्तरा फेरेया होऐ कि सब्बो साफ़ो
kangri_00488	एह क्हाणियां लिटरेरी दमाकी सोच विचारां दियां क्हाणियां नी न, ऐह तां जीणे दे सच्चे-सुच्चे, बगैर कुसी लेस-पलेसें लखोईयां क्हाणियां हन्
kangri_00489	शायद थोड़ा बहुत नज़रां च नुक्स लगदा था।
kangri_00490	राजैं अपणे राज च कोई कोर- कसर नीं छड़ियो ही।
kangri_00491	सैह् प्रैमरी स्कूले दे चौकीदार, चपड़ासी, पोस्टमास्टर, मास्टर कने हैड मास्टर सब कुछ थे
kangri_00492	राखी : रवि भैया ! मिन्जो बचाओ बचाओ मिन्जो
kangri_00493	हलदूणी दे इक्कसी ग्रांएं च भगतू कनैं प्रेमू नांएं दे दो भाऊ अप्पू चैं इक्क घुटुआं निगल़ोइयै सुखे दी जिन्दगी कट्टा करदे हे।
kangri_00494	राती जो जित्थूकुती डेरा लान्दे, लोकां जो पता लगदा तां सै सदामैं दा बड़ा आदर मान करदे रोटी खुआन्दे, डाहण-बछाण भी हसीता बरावर दिन्दे
kangri_00495	अपर एह -तां दस्सा इतणी साफ उर्दू बोलणा तो तें सिक्खी आये ? म्हारे लपटन साह ब तां 'डैम' ग्लायो बगैर पंज बोल सुरू-बी-नी थे बोलदे
kangri_00496	लगन होणे तों बाड़द रावणे रा ध्यान मुंड्डूए रे गूठे पासे गेआ कन्नै रावण चुप होई गेआ
kangri_00497	दाडो बोलणा " सार टब्बरे दा ढिड भरना, मैं पजामा ठीक करां कि रोटियां दफ्फां,
kangri_00498	"तूं वी हुंण अपंणीं तियारी कर ले- जे अज तेरा पियो रेफरीजरेटर लै के नेई आया
kangri_00499	कई लोक तां जीब्हा रा खट््‌टिया ई खान्दे
kangri_00500	तिहत्थू नीं चौ लग्गा--,उठ्या, करी बोहड़ी, चुहल्ली आहल बेहईय्या जाईभिरी कताव्वा खोहड़ी पहड़ ना बेहईय्या
kangri_00501	फ़लाणे री छकरियाई तैं राम बक्शै
kangri_00502	पर हटी ने घरै पुज्जणे दी तौळ थी लगियो तिसा जो
kangri_00503	हाय वो महँगाई ! हाय वो महँगाई।
kangri_00504	सूबेदारनी बोला दी ऐ- "मैं तां तिज्जो औंदेयां- सार-ई पछाणी लेय था
kangri_00505	अगैं-अगैं बैण्ड, पिच्छे मंगल कनैं सत्या, तिन्हां ते पिच्छे जनता
kangri_00506	नूंह:- जाणे दी कोई ज़रूरत ही नी आंटी जी सैह मैं जाणदी ख़री की तुहाड़े बारे च तुहाड़िया नूंहें दस्सेया मिंजो।
kangri_00507	क्रांतिकारियां रे संग चल्ली सुतंत्रता ताई देस क़ौम जो जगाया
kangri_00508	तेरा गलाहया विलकुल ठीक. ऐ सियाम्मेंयां
kangri_00509	राजकुमार कनैं नीलम सौगी टेकरािया च बही गए ता पूनो जो लग्या ...
kangri_00510	बेटा बोली पया," फजूलेच प्यागा प्यागा मत्था न खराब कर बापू मैं सेठेदे बेटे कन्ने कर कर वोट मंगणा जाणा है
kangri_00511	पिछले पासे बोलने जो बड़ा लानॅ था जिसच सालां ते किच्छ उगाया नी था।
kangri_00512	जे फैसला ताऊ सदामा करी दै तां मजाल जे कोई न मन्ने इस वास्ते सदामैं जो लोक खड्ग ताऊ भी गलान्दे
kangri_00513	हिमाचले री चेरापूंजी अ ऐ शिवालिक घाटी
kangri_00514	वर पुजगे पर बच्चे अश्वी मलदे कुनै
kangri_00515	काश मैं सच्चीमुची गप्पांशपां ते ज़ादा कुछ प्यार करदा था। मिंजो गॉसिप करना पसन्द नी है ।
kangri_00516	ओह ! पछ्याणना कीहां नीहां भई! मणकू, मणकू!'' मैं मणकू जोरा ने गला लाई ल्या
kangri_00517	तिस औणे ते पैहल्लै ई, कल्यांणे, पाह-पतराह, रांग्गी-ऊंहग्गी सहड़ेया था
kangri_00518	राजें गलाया भई कुडी गरीब घरें देणीं ऐ'' बुड्ढी पंडते री गलल सु्णी करी हब्ब होई गेई, किछ नीं बोली
kangri_00519	चल तूंह ई दस्स, है कोई तेरीया नजरा च ? जे तिज्जो जचदी ऐ,- तां ठीक ऐ
kangri_00520	ठीक हा, मैं अपणे गांवा री पहलकी जमीन गांवों औलेयां जो छडी दिली थी कने चरा ने कौडी वी नी अन्दी थी
kangri_00521	घरे दा सारा बातावरण आनन्दमयी होई गिया खसम.जुणासा दूहीं दा जीण (जीवन) बदली गिया, एह भी इक चमत्कार होई गिया
kangri_00522	एह प्रोफेसर घट क खुफ़िया मैह्कमे रे मते लगदे एह बस इसा खट्टिया दा खट्टे या खान्दे
kangri_00523	ओ लाला ! चोणां लड़ने तांईं पैसा ई नी चरित्र चाल चलण वी दिक्खदे लोक ।
kangri_00524	तुसां जिह्नां जो फ़ोन मलाया है सैह हाली दूईया लाइना पर बिज़ी हैंन।
kangri_00525	सारा आट्टे च ख़त्म दिक्खेयाँ करदा
kangri_00526	मालरोड ते छोटा शिमला तक पैदल रास्ता ,पैदल चलणे वालयां लई सबते छैल कन्ने आवोहवा दे वास्ते अच्छा ।
kangri_00527	होर तां होर ग्रायें दे कालजेटै संझ-भ्यागा धमका दे-जे इब्बे स्कूलें पर्चे नी चल्ले तां दिखगे
kangri_00528	हां संगीत सुनना निश्चित रूपे ते उनां लंबेयां दिनां जो ठीक करने च मदद करदा ए?
kangri_00529	चांददी मीरां दी ऐ,. एहत्थू नी तां, कुहत्थकी, होर मार मारी लैंगी,जीणा तां गरीवा दा ,बराव ऐ
kangri_00530	तां देह सुहजन, जीय्यां गला दे होंन, जे 'अपणे पल्लें भड़की, तां ईं. बील्ल यो आद आईय्यां एह गल्लां
kangri_00531	र॒ल॒दुएं वी अपणी भाषा किछ सदहेरी लेई
kangri_00532	मैरी: कने काली मिर्च बी, प्लीज़। धन्यवाद।
kangri_00533	मेरियां हाखीं दे सागणे मणकुए रे गांवां रे सब जरूरतमन्द औणे लगे होर हऊ वी तिन्हां तै लैहदा नीं था
kangri_00534	इस हालें तां छोहरूआं दॉ बेड़ा चट होई जा पास नी होणा
kangri_00535	जिसते, देवी सरूप-देवियां, बगांन्नेयां घरी यो सजांणे-बणाणे कने भदाणे तांई, अपंगोंयां, माऊ-बब्बां छड्डी के जेया जांदीयां,
kangri_00536	चिट्ठा रंग अंग्रेजी पहनावा पर बड़े चज्जे दा
kangri_00537	एह कयो अहया था? मैं मुन्नं भिरी गलांनी आं, जे तूं इदीयां भकाईय्यां मत औंऐं,-मत औंऐं
kangri_00538	बुड्ढिया जो सवित्री कोसणा लग्गी तू तां पुह्ठे कम्म इ करुआणे मुँह्मे बन्नही नैं रक्ख।
kangri_00539	जज्जें ग्लाया तेरिया माऊ दी कसम नी चलणी इत्थु, गीता पर हत्थ रक्खिके कसम खा तां गल्ल बनणी
kangri_00540	अर्पण चांहदे क्या तुहां-? क्या फरज बणी यांदा था-? तिहा दे खून पीणें न, तां निहा यो में हुंण ई सद्दी लियोंन्नां
kangri_00541	नेंसी: ठीक ए, सेह तुहां दी योग्यता परखने तायें वित सिद्धांताँ दे बारे च कुछ प्रश्न पुछी सकदे।
kangri_00542	कुछ लोक हमेशा अफ़सानेया मंझ रहे
kangri_00543	मैं समुन्द्र तट्टे पर नंगेयां पैरां जाना पसंद करदा।मेरा कम इतना तना वे अाला ए कि इक बंदर खरा हुंगा।
kangri_00544	थम्मी जाओ जबे लग्गे बूटड़ी दयार थिया
kangri_00545	मै व्यवसाय शुरू करने ताएं परिवार दे टाईमे दा बड़ा आनंद लेंदा।
kangri_00546	एह. पणेया भेई मसलमान खानसामा मूर्तियां पर पाणी चढ़ांदे हन क नैं लपटन व खोत्ते पर चढ़दे हन
kangri_00547	हुण तिसदिया माऊ तिसरे बियाहए री सोची भई होई सकदा लाड़ी इसजों सदहेरी लै
kangri_00548	जे तू मेरिया बगैर मरज़िया प्रेमुए दे घर जांह्गा तां तिज्जो बी इस घरे च मुड़ियै औणे दा कोई हक्क नीं होंग।
kangri_00549	राधा दा बापू रोज़ शराब हा पिन्दा।
kangri_00550	शाह : (डरे ने) पर कानून ते कियां बचां बच्चू !
kangri_00551	सरदा चला गे आ कनें खुदा बखलशें रुपेये गड़बुए समेत खड्डिया आल रखीते
kangri_00552	मरीज मरे जां जीए तिदो कुसी दी परवाह नहीं,
kangri_00553	अगले दिन से होटलेच रंग मंडली कन्ने नाटक दी गल्लांच मग्न था।
kangri_00554	डॉक्टर परमारो को कुण कौरी सौकौ रीशौ
kangri_00555	पति: ओह हो... इतनी सी बात थी ?
kangri_00556	रिड़कू बोल्लेयाःक्या सुणा दा भाऊ?
kangri_00557	"रबार क्या कल्यॉणेयॉ,-परां पर पांणी नी लैंदे, चौर तां श्याम्में दे आई चुक्के
kangri_00558	पर चीन हिन्दोस्तान कने जुड़ी के एह भी पता करा दा कि हिंदुस्तान विच जेह्ड़ी जग्ग पद्धति अपनान्दे हैंन तिसते वायरस मिटी सकदे हैंन।
kangri_00559	जॉन: मिन्जो खुशी ए कि आज्ज प्यागा ट्रैफक थोड्डा था ।न टैफक जाम कन्नै न इ कोई दुर्घटणा ।
kangri_00560	दिक्खा दे नी, हौऊं खड़ोतेया ऐं ? वजीरा सिंह मेरे व्हाल-इ ऐ
kangri_00561	पिता :तुसां बदिया एक्टिंग किति। असां जो तुसां पर फक्र ए।
kangri_00562	जाहलू मैं कम्म नी करदा हुंदा तां मैं बास्केटबॉल खेलदा । तां तुसां मज़े वास्ते क्या करदे?
kangri_00563	क. तिन्नी झटपट निश्चा करी लेया भेई क्या करना चाइदा! न्हेरे-च कसकी सोणं हाल ने सैह, टकराई गेया
kangri_00564	कने तिसदे कन्नें च हौलें करी गलाया भई, “हुण लोक किट्ठे होई गे हन, तिज्जो फूको देणां, तूं मन्नींू जा निक्कियां - ई खाई लै;”
kangri_00565	गिदडै अगौं दिन फिरी खूब मास खाधा
kangri_00566	मै हमेसा अपने बाअदू टैमे बिच अमीर तेज योजनां टोला दा। मिंजो नी लगदा कि देई कोई गल्ल ए।
kangri_00567	मैहरम-पन्छाण, सांभ-सम्हाल, प्यार-दुलाहर, नोहे-रोस्से सब ससु सोरेया हे जीन्दे जीयां
kangri_00568	जंग 'शबाब' जिन्हां जो प्रेरे ।
kangri_00569	"पतिदेव! मैं तुहां दे सामने ऐ।
kangri_00570	सोचिया भई सिबां पार्णी पाई ने दिखिए जे कुर्थी ब्याहे री गल्ल बणैं
kangri_00571	, हत्थ मलाया परमेसरीऐं -,“आ बैंठ," करी कुर्सीया दे पाहैं वैहणे यो बोल्लया-ओ था तां मैं घरै ई
kangri_00572	राम! राम! इस दपैहरां तुसा क्देहे हन?
kangri_00573	नाटक तां संसार भर दे ज्ञान, साईंस, शिल्प कनै होर मती सारी कलां जो अपणे अन्दर रखी के बैठेया है
kangri_00574	शेरॆ बणे दे सारे जानवरां जो गलाया कने हुकम दित्ता कि हाथिए पर इक आसण ला।
kangri_00575	तिनी सोच्या था कि सरपंचे ने इस बारे गल करगा पर सरपंच तां खाई ने इकार भी नीं लैंदे-तिन्हां बल्हा क्या आस !
kangri_00576	होरनां दे मुआफ़ बड़े-बड़े कुआध
kangri_00577	” सुर्ग टोलेया, पताल टोलेया पर कुन्नी भी तिस जो अपणा मास नी दित्ता
kangri_00578	साधु संत मखमली राजसी बिस्तरेयां पर अराम नी करदे सैह जमीनां पर ई सोंदे सै बी तुसां नी कितया क्या तुसां साध नी हन।
kangri_00579	सूलिया टंगोई गए कितड़े ई बेक़सूर
kangri_00580	इन्हां दा माली/ बहिष्कारकरो /बंज पाई देया ।
kangri_00581	मेरे हत्थ उप्परे ते जरूर नर्म हन्न पर इन्हां अन्दर फौलाद भरेया ऐ
kangri_00582	इस समय सारे गांव में केवल एक ही घर ऐसा था जहां अभी तक दीपक न जगमगा सके थे।
kangri_00583	तिद्दा एह फ़ायदा रैहंदा मिंजो एह सुझदा रैहन्दा जे कुण मुंडू त्हयाने ने पढ़ा दा, मास्टर जो सुणा कदा कने खजालतां करा दा।
kangri_00584	हुण जे तुसां अग्गें तुसां दे गलाबे दा कण्डा चुभी जायै तां किछ पीड़ सही लेया ।
kangri_00585	इसी डोरिया ते बन्दोई अज बिगड़े मौसमेच सै अन्नत जो मिलणा पूजी गई।।
kangri_00586	एकेडमी आलेयां पंज हज़ार इक्क रपईय्ये दा रोकड़ा मेरे अकाउंटे च पाई दित्ता
kangri_00587	भ्यागा धने दा बुजका बन्हीं,हत्थ- मूंह् धोइयै बगैर संबल़े खाह्दे बुड्ढा घरे ते निकल़ी गेआ।
kangri_00588	मैं खाणे दे पंजां किस्मा दे खाणे बणान्दी। मैं पंजा जवाना च बोली लेंदी! आंरेजिया समेत।
kangri_00589	मेळा दिखदे सज्झा तिकर फिरी हटी औन्दे कने इक रात भिरी तिस ही किले बिच कटदे फिरी
kangri_00590	मै इक मशिना साही ऐ।ओह मज़ा ऐ। अहां हफ़्ते च कम से कम कई बार जहर बनांदे।!
kangri_00591	दीन मान जुआनी खोई खोया अपणा रूप शवाब
kangri_00592	रोज़ टिह्डे भरने दा कम्म तां होई जांदा।
kangri_00593	जाल्हू शेर कनै गिदड़ द्रुडी दे मुंहे पर पुज्जे तां गिदड़िया बच्चयां जो जोर-जोरे दे थप्पड़ मारणा शुरू करी दित्ते,
kangri_00594	जां बरसाती रे किछ दिन बीते, तां सैह्‌ बड़आं रे पंज ढेरू वी फुल्ली करी उतणें ई होई गए जितणें घुग्गिया रखियो थे
kangri_00595	हैलो! मेरे ने गल्ल करने दा टैम है क्या? राम राम! जी। मिंजों खुसी होणी। क्या तुसां स्पेनिश बोलदे? मैं मेक्सिको च पलेआ पलोहया।
kangri_00596	संत चलदे रैये कठिन पाआड पठार ओंदे गये नदियां आईयां पर संत रूके नी।
kangri_00597	हुण तिह्नां बिजलिया दिया समस्या कने बिजलिया देयाँ बद्धदेयाँ बिलां दा मुद्दा 'बत्ती गुल मीटर चालू' विच चुक्केया है ।
kangri_00598	जयेन्द्र हल्ली कक्क ई घुट चाहई दा भरेया-, औ मारी तिन्नी पलेट कनें कप-, “आ चाह बणाई जे-, जे तूं ऐत्थे नई रैहणा-, तां तुरदी रख ऐत्यौं
kangri_00599	मै राष्ट्रीय उद्याना दी यात्रा करना ज्यादा पसंद करदा। मिजो बी!
kangri_00600	अज्जकले दा लाह् स्हाकी अपणी सोह्वता ते पास्सैं नीं करी दै इसकरियै नौंइया नसला जो इतिहास,लोक सोह्वता नैं मिल्लियां क्हाणियां सुणाणा पौणियां।
kangri_00601	असां दूहीं दी हुण. इजता दी लड़ाई बणी गई
kangri_00602	शाह : मैं तां चल्ला हां, पर याद रखेयां मेकी जरूरत पौंगी तां याद करी लियां (स्वगत) दिखदा हां तेरी कुड़िया दा ब्याह कियां हुन्दा ऐ !
kangri_00603	हुण इत्थू रज्जी-रज्जी घियो-खिचड़ी खुआणे ब्हाल़ा कनैं पंड्ड बन्हियैं धन देणे ब्हाल़ा कोई बी नीं ऐं।
kangri_00604	जिजामा कि की पिछलिया बारिया जे लैक्सन होए थे तिहाड़ी हाली राजकमार भी कौलजे ते नी निकळया था
kangri_00605	पर सैह जाहलूं गाहूं गिया'' तां रस्ते कंडें इक शिकारिएं चिड़ियां पकड़ने ताईं जाल था लाया कनैं संझ होई पेड़यो थी
kangri_00606	घर-घर पकवानों की सुगंधि उड़ रही थी।
kangri_00607	पुरोहित : हां, ढेरूये साहे दा इक पासा तां ढेरा है ई, मैं दुआ बी मोड़ी कै रखी देणा एं
kangri_00608	कने साधुए जो दसेया जे भगवान विष्णुए बोलेया जे मरचू सेठा दे भागां च कोई पुत्तर नी है
kangri_00609	में तां काफी पहले रटैर हुई चुकया था पर तिन्हां दी गिणती जाणे-माणे विचारकां विच थी।
kangri_00610	मेरे चेहरे पर झाईयां हन, कने सफेद फ्लिप फ्लॉप पेहन्यों होने हन, मै दस्सी सक दा।
kangri_00611	जेडा महान ए। मैं मांस बी नी खांदा। किंजा जानवर मेरे टबरे सांई हन। मेरे बल इक सवाती ए जेडी अपने धनुषे ते बडी प्यारी ए । असां तकरीबन मरी गए।
kangri_00612	हां-एह दाज ई इक्क ऐसी बमारी ऐ, ऐसा रूआज ऐ-, जेहड़ा, तिन्हीं यो हीन भावनां दे डहग्गे समुंदरे च लेई डुवदा
kangri_00613	बाबा! हुण मत बोला धी मेरी मैं हुण नहियों तेरी! स्हाड़ी बरियां छमाहियां दी फेरी मैं हुण नहियों तेरी!!
kangri_00614	ता फिरी तिसदे मुंडे दे ब्याहे बिच कैंह नी पीणी थी भला बड़क्या तू दस ? जोन्दा बोल्या
kangri_00615	पचैती उल्लुआं जो पुच्छया, तिन्हां गलाया जनाब एत्थू अजेही घटना तां ३ नो घटी, न असां इस दिया पत्नियां दा अपहरण कीता, न असां इस जो स्या-कुट्टया
kangri_00616	सांहजो दिक्खी जले कोई स्हाड़ा तां क़सूर नहीं
kangri_00617	देश दी आजादिया ते बाद सामाजिक, राजनैतिक कनैं पैसे दे तंत्रै अपणा खूब कमाल दस्सेया ऐ
kangri_00618	तिन्हां जरील्लेंया कड्डयां, मिज्जो तां बखशी इत्ता- अपंण.........,” गल भरोई ईय्या तिद्दा-
kangri_00619	कियां कियां हस्सां मैं कुस: कुस जो नच्चांह
kangri_00620	रसोइया फणसोई पे-मधरा मिट्ठा कन्ने मठड़िया दी कड़छी लगी बःरना
kangri_00621	क्या लगदा इसते बाद दये अपराध खत्म होई जांंगे
kangri_00622	सरपंचैं उल्लुआं जो पुच्छया, तुसां दस्सा! ओह हंसणी हंसे दी पत्नी ऐं
kangri_00623	तिसा री दुआ-दारू, लाजकारी ठीक नीं होई कनें भगतुए रे घरें इक दिन रोण रड्त्त पेई गेआ-
kangri_00624	ता दस्स फ़िरी सोचदे हन असां बी अपणे हनीमूने दे बारे च?
kangri_00625	गिदड़ परिवार जाल्हू द्रुडी दे दरवाजे पर पुज्जा ता क्या दिखणा सामणे शेर भी अपणे घुरने (गुफा, द्रुड) दे पासे जो औआ करे
kangri_00626	सोचना लगा कुथी यह सुपना तनी है कि ताहलू ही गरमा गर्म पकोड़े पलेटा बिच गर्म गर्म चाही सोगी कुनकी सामने रखी दीते।
kangri_00627	पैहले तां अहाँ मुख़्ते च जांदे दे
kangri_00628	अपंग बगैर बोल्लै, किहतड़े कि दिन सुंणदी जां मैं–? .
kangri_00629	जीब्हा री मार बुरी , जीब्हा रा घाव सारी उमर रड़कदा रैहन्दा, छुरिया रा घाव भलोई जान्दा जीभा दा नी
kangri_00630	नाटक ही साहित्य दा इक ऐसा रूप ऐ जेहड़ा अनपढ़ ते अनपढ़ माह णू कनै मते ते मते ज्ञानी माहणुये दे दिमागे च सिद्धा खुब्बी कै असर पांदा ऐ
kangri_00631	टकसास , इत्थु साव कुच्छ ठीक एे।
kangri_00632	खूब पढ़ा इन्हां वी, करौ मत इनां रा शोषण
kangri_00633	पेट नी फडुआणा तां भाऊओ रोज पीड़ा कनैं मरीड़ां नैं सप्पे साईं बियाठदे रेह्या
kangri_00634	इन्होंने थाने में रिपोर्ट दर्ज करवाई कर तुम दोनों दहेज न लाने के कारण अपनी बहु पर अत्याचार करते हो ?
kangri_00635	रानी : एनीला नी था ए इक सुस्त हरा था।
kangri_00636	तिसें देखआ जे नौकर-चाकरे रसोई घरा जो बन्द करी ने चली गई रे थे
kangri_00637	दन्तकथा मुतावक हलदूण घाटी दे ग्रां घाड़ च रोड़कणू नां दी जात्ती दा इक्क ब्राह्मण रैंह्दा हा।
kangri_00638	तिज्ज़ो भाल जे हाक्खी री लौ नी तां - चानण तां भथेरा ऐ
kangri_00639	आपकी भलमनसायी हमारे पल्ले पड़ गई। अब साथ ना छोड़ना भाई हमें तेरा ही सहारा है दोस्त।
kangri_00640	बची गेया ख़्समां होई गेया था अज्ज तेरा ओलु, मोलु
kangri_00641	असां रये फुल्ल दी ख़ुआईसे च उम्र भर यारो
kangri_00642	श्रद्धा कपूर कने द्वियेन्दु शर्मा दी एक्टिंग खरी है पर अद्धिया फिल्मा बाद तिह्नां जो भुलाई ही दित्तेया गेया है।
kangri_00643	खुसर-फुसर होई दूईया पटक चारै दरबाजा खोड़ी ता
kangri_00644	तिन्नी झट्ट सदामे री भेड चराई करी अपणियां भेडां च रलाई लई
kangri_00645	ऊंट लागी रे र॒क्‍्खां रियां कुंबलां चब्बण लगी पेए
kangri_00646	उनी बोलया, " दीदी जिद छड्डी दया , ये त्वाड़े बसे दी गल नी।"
kangri_00647	होर तां होर खसम मरी याय, तां तिस सौग्गी, जींदीया यो ई कन्ने फकोंणां पोंदा था
kangri_00648	कनै हण जाहलू मरण पैहर आयां तां बड़ा जज बणी करी ग्रांएं दे चलेयो घराटे च गिट्टू पाऽ करदा....
kangri_00649	चले! तुसां थकी गै होणे। बड़ा बुरा तुसां मेरे हेरो फ्लैश सांईं होई सकदे। मिंजों फ्लैश पसंद ऐ। मैं गलतिया ने एक दिन बार्डर पार करी गेया था।
kangri_00650	वर्ल्ड कप्पे च असाँ श्री लँका ते हारे
kangri_00651	मां : बस कुसी बी तरह दा पोरक।?
kangri_00652	तुसां इक बिग नि पैहनी सकदे ? ओह भगवान नहीं, इक टोपी
kangri_00653	नूंह भतेरी अग्गै पिच्छै होऐ जबरिया दे पर जबरी राहळीया नी औआ करदी थी
kangri_00654	मेरे ते कोई गलती-फलती होई यांहगं, तां माफ करना-" हत्यां जोड़ी अजीत (जीत्ता) कियाड़ीयां ऊहदीया करी के बोल्लेया
kangri_00655	मज़ाल ए लूण मिट्ठा-तेज, गांह पछांह जां घट-बध होऐ
kangri_00656	अज सौंपणा घर गुआंढणी की, अलैं अपूं की छैल सिंगार बणाणा।
kangri_00657	लाहौर कने कराची जो निकल़ेया तां धर्मपुरे ग्रायें ते वीरभान वी अपणियां किस्मती दी तलासा च तिस ग्रायें ते करैंचिया /कराची आई पूजी गेया ।
kangri_00658	अगर व्रत नी रक्खादे तां इस दिने चौल प्याज लस्सन मांस शराब बाई खाना बिल्कुल नी खान।
kangri_00659	कल्याण ब्रांडे मन्जे यो डहया करी बेहई ईय्य:
kangri_00660	संझा भ्यागा बड्डे-बड्डे बूट पाई करी ठक-ठक करदा ग्रांऐ देयां लोकां ने औन्दा-जान्दा, वाह-वाह लैन्दा कनै बड़ा खुश हुन्दा
kangri_00661	तां कोई गल नीं अपर मास्टर होरी जो रस्ते च घरेटी जड़ी बी दिंदे न दो चार!
kangri_00662	भगतुए री बाराह कनालीं ज़मीन बी बुड्ढिया रे किरिया कर्मे रे खर्चें ताईं गैहणें रखोई गेई
kangri_00663	तेरी कुड़माई होई गेई ? धत् -कल होई गेई–दिक्खा दा नीं रेशमी बूटेयां हाला सालू--अमृतसरे च ........."
kangri_00664	तां सुणां-छल्लियां दिक्खी देयी देया तोड़णे जो रेल्ला, भुन्नी-भुन्नी खा–फी हत्थें चढ़ा
kangri_00665	दफतरे च बड़ा भय था तिसदा, हां ठेकेदार लाबी तिस ते बड़ी खुश रैंहन्दी थी
kangri_00666	सारे गलान्दे बइ अज्जतिक कोई मुकद्मा, न पंचैती च गिया न कचैहरियां सैई लान्दा कनै सै ई बुझांदा
kangri_00667	देखी पाई भाईजे जीवटू दाली-दाली रो।
kangri_00668	फिरी तीसा बड़ा लमा साह लियकने बोलि:-"बड़ी क़ीमत चकाना पेई थी मिजो इस खेला दी।
kangri_00669	रिड़कु:- ओ अक्कला देया अन्नेया ....लगदा तू म्हाचले दियाँ ख़बरां नी दिक्खदा ।
kangri_00670	इत्थू तिकर फ़िल्म बहुत बधिया तरीकें चलदी ।
kangri_00671	नूरपुरे च इक्क अणखी,खड़ंग कनैं चब्हीड़बट्ट सहुकार हा।
kangri_00672	महाराज,सेनापति कनैं राजा दा व़जीर होर घोड़ेयां उप्पर चढ़ियै इस नज़ारे जो दिक्खणे तांईं खड़ोत्तेयो हे।
kangri_00673	तां तिन्हां गलाणा-जा! डेरे देई औआ
kangri_00674	फेरी राम कैस ते होया था?” नारदें पुछेया
kangri_00675	जॉन: तुहां कुस्सी तरा दे अनुभवे दी तलाश करा दे ए
kangri_00676	खून कयो पीणें मुन्नूंआं ? कुड़ीयां जेया जम्मंणीयाँ-, ताहल्लु तेई किछ नां किछ लगी पौंणां कठेरंनां
kangri_00677	मेरी मां थिहालीयां जो पढ़दी। उम्मीद ऐ कि सेह मिजो दस्सी सकदी कि काहली खेलना ऐ।
kangri_00678	बारी-बारी रिश्तेदार, सज्जण मित्र मंगले जो अपणी श्रद्धा-अश्रद्धा अनुसार गले च नोटां दे हार, लफाफयां च शगुण, तमोल, गिफ्ट देणा लगी पै
kangri_00679	बखरी-बखरी बत्त बणि, बखरी-बखरी चाल।
kangri_00680	की अन्हे सोचेया मैं दोई हत्थां कन्नै खा करदा; सरयाखा कुसका नी करदा
kangri_00681	बड़ा होई गिया ता तिन्नी ही जबरिया जो पाळने दा जिम्मा चुक्की लेया
kangri_00682	तारा अग्- सूतरे दी इक गत्थी थी, जिसा जो सगड़िया व्हाल रक्खेया
kangri_00683	एह रंगभूमि (नाटक खेलणे आली जगहा) पर इक ऐसे छोटे संसार जो बणाई दिन्दा ऐ, जिसजो दिखी माह णू तिसते किच्छ सिक्ख हासल करदा ऐ
kangri_00684	उठदे बैहंडे टिचकरीयां लांद्दे, रेहंदे तुहां सारे ई ?.-- चल सिंहद्दी ६ चोट बाहई इत्ती तिन्नी
kangri_00685	उनी दिनां सेजिज संस्था द्वारा वाटर प्रूफ फोल्डिंग बैग बनाणे दा कम बी पी एल परिवारों दी जनानियां जो को दित्ता गया!!
kangri_00686	मेरे इन्हां आख़री पन्नेंयां च ज़िंदगिए दा दर्द है
kangri_00687	इक दिन तिन्नी साहब कताब लाया तां बीह-बीह कप चा, समोसे कनैं मट्ठियां लग-लग जोड़ियां उड़ाई गेइयां
kangri_00688	करी हुंण ?- श्याम्मै हल्क देह मुस्करांदै पुच्छेया
kangri_00689	तिस्सदी माऊ तिस्सजो समझाया,मुन्नू!असां सब्ब परमात्मे दे न्याणे हन्।
kangri_00690	तुहां कुथू कम करदे? मैं लगभग ग्रेड स्कूल वास्ते चला गीया।
kangri_00691	सैह् भ्यागा ई मरीजां - जो दिक्खणे तांईं दुआइयां दा झोल़ू चुक्कियै साईकला लेई चली जांदा कनैं अधिया रात्ती तिक्कर फर्ज़ निभांदा घरैं बड़दा।
kangri_00692	क्या माजरा हुंगा ? घाए सुट्टी करी ठोणेदार है सामणे हथ जोड़ी करी खड़े होई गै
kangri_00693	इस पर उजो पूरी उम्मीद थी कि इस बारी पर्यटकों दे कारण अच्छी कमाई होईजागी ।।
kangri_00694	ते हर रोज तिन्नी भ्यागा ही न्हाई करी छैल छैल स्वादले पकवान देसी गयोए कन्ने बनाई करी इक्क पाणिए रा घड़बू लेई करी देहरिया रखी आवणे
kangri_00695	अजकल मतिहाना च खूब नकलां करांदे, फिरी भी जाल्हू रजल्ट निकलदा तां अधे फेल कनै दी कंपार्टमेंट
kangri_00696	ता इसा बारिया कुस जो देणे हन बोट ?
kangri_00697	नां ई इस कलंक्के देई अहां, अप्पणीयां धींय्यां-भैणां यो दुए दे घरै भेजणां
kangri_00698	भिरी तिन्‍्नों अपर्णी बड्डी कुड़ी सददी |
kangri_00699	तिसा दे हत्थ पकड़ी करी पुच्छया, क्या होया, दस तां सही ? सा बोली, मियो डाक्टरा जो सदा, सैह तां अन्दर बेहोश पैओ, कुछ '
kangri_00700	कुण जाणदा था कि दाढ़िया हाले, घरबारी सिख अजेया लुच्चेयां दा गीत गांह गे,
kangri_00701	इस बराने च माहणुये दी अवाज़ सणी के परोहते हाखियां खोली दित्तियां
kangri_00702	इको पाहें बाह-बाह'कन दुऐं पाहैं-"आह-आह"
kangri_00703	वॉर्डरे पर चीनी सेना कने खूनी झड़प होई गेयी
kangri_00704	इस पट्ट शब्दा री धन्नता अर्था रे होर तैहां च तियां ई लिपटोइयो बन्द पेइयो ऐ ...
kangri_00705	तां सैह् बोली “भई कोई मेरियां मापियां रे घरें गौड़ बंगाले विच जाऐ, करी भूरिया म्हैई रा दुद्ध लयोऐ तिस दुद्धे ने एह पीड़ हटणीं'
kangri_00706	मैं तां पैहल्लै ई गला करदा था-, जे एह रूआज्जे नी खतम करनां चल्ले-, अपंण छित्तर पौंणें
kangri_00707	माइक: एह इक प्रवेश स्तर दी स्थिति ऐ। नोए आदमिये कने मिली करी कम करना पौना। लेखा विभाग। तिस जो डेली आधार पर बैंके ने बी निपटना पौना।
kangri_00708	नौइयां किस्मा दे सियोयो पजामे जो उतारी करी तैह लाया, टियाले पर बिच्छियां पंदा हेठ रखया, कने बोल्या- 'चला! चलिए, साहबे दा स्वागत करिए
kangri_00709	ऐसे लोग मानवता के माथे पर कलंक नहीं तो और क्या हैं?"
kangri_00710	ओ परधान जी इसजो कुसी दिया इज़्जती दि क्या पेईयो ऐ ।
kangri_00711	बंगले दे ठीक हेठ किच्छ ऊच्ची पहुंचा आलयां कब्जा करी कर बणाणा शुरू करीता था ।
kangri_00712	उल्लुआं दे उग्रवादी रवैईए अगैं तिस दी इक्क नी चल्ली
kangri_00713	कनावर री ऊन मशहूर, कुल्लू चांबे रे जोई, खेस,
kangri_00714	गिदड़ ठा-ठा करी हस्सेया, “मूरखा! कदी मगरमच्छां जो बी कुनी कडी बियर मैं तां पार शेरे दा मास खाणा जांदा था
kangri_00715	हुक्म मन्नियैं व़ज़ीरैं ढंढोरा पिटुआईत्ता।
kangri_00716	सब्बोई किट्टे रहा लाइ के बोल्लया-वस इस जो असां बरादयिा चां छैक्की ई देणा
kangri_00717	सस्स:- ओ बेवकूफ तू मिंजो पागल करिके छड्डगी तेरिया माऊ क्या कोई चज्जे दा नास्ता बानाणा नी सखाया तिज्जो ?
kangri_00718	महाराज ! एह जेही गल तां कदी नहीं होई
kangri_00719	हिया कदेही ए? मैं ठीक ए। तुहां कदेह हन? हफ़्ते दे खात्मे तायें कोई बडी योजना।
kangri_00720	इस बासते तिजो ए कम छडी देना चाईंदा कने समाजे विश्व बंधुत्व दी भावना जो बधाअ।
kangri_00721	मैं तुहां नौजुआन भाईयां-भैंणां ते, एह पुछेनी-क्या तिन्हां यो अच्छा चरित्रवान जीवन-सात्थी चाहईदा, जो दाज ?
kangri_00722	डाक्टर : तुसां क्या पींदे? क्या तुसां सिगरेट पींदे?
kangri_00723	मैं सल्लो चाची दा व्यवहार तां भुली गिया पर मने च घर करी गया नर्वदा दा बजद नी भूली सकया
kangri_00724	लाड़ा:- ओ मुईए सारी फ़िल्म दिक्खदा कुण तित्थु
kangri_00725	बालकृष्ण दे वड्डे प्हाऊ बी मिलिट्रीया च हन
kangri_00726	कई बरी सैह एम्पलाइमेंट एक्सचेज च गेआ, पर तिस जो एह गलाई टाली दित्ता - भई, '' हल्लैं कोई जगह नीं निकली
kangri_00727	तिसा जो एह भी ढस्का लग्गा करदा था भई पिछलिया बारिया जे आई थी तां ता बण झट ही मुकी गिया था पर अज ता मारंड मुकणे बिच ही नी औआ करदा था
kangri_00728	मैं दुनिया दा सबते बद्धिया शब्दकोश बिक्री विदेशी बणना चाहन्दा।
kangri_00729	चौंऊं जणेयां इक्कसी दूए जो मुआफ़ करीत्ताऽ।
kangri_00730	झांबड़ी पाअ-दे, सूहड़े नाड़, नदियां-नाले छुल्ली पै।
kangri_00731	असां हन अज़ाद सब कोई, मोआ भोलुआ।
kangri_00732	माऊ सूरजे नैं गलाया :जिह्यां मिंजो पीह्ड़ लाई अप्पू भी सारी उमरा भखदा रेयां।
kangri_00733	सक़ करदे रैहंगे कि खस्सम खाणा करोना ता नी हुंगा इसियो
kangri_00734	कन्ने परधान जी एह ओणे आल़ेयां पणचैती दे चोणां च अप्पू जो उम्मीदवार बणाई बैठेया ऐ ।
kangri_00735	अर हफते घट ते घट बी घंटे काम्म करणा ।कन्नै, मैं उस्सा सथितिया यो वड्डे अच्छीया तरा ने संभालया ।
kangri_00736	बोली पई , कित्थू लोप होई गई??अन्दर अरामे ने बैठ।
kangri_00737	पालतू पशुआं जो आई विल ताईं जीनणे दी गुणवत्ता विच सुधार करने ताईं जाणेया जांदा है।
kangri_00738	पत्नी: हुआ ना अफसोस अपनी करनी पर ?
kangri_00739	ताल्हू मिंझो मसूस होया इक्क बाबा मेरे आल आए कन्नैं बोल्ले,बच्चा!सप्प बडे़ समझदार हन् भलेयां माह्णुआं नीं खांदे।
kangri_00740	अपणे ग़रूर जो कुथी अंबर नापर्दै
kangri_00741	जॉन : नौकरीया च मिन्जो एह दिखणे च मदद करणी चाइदी कि वित्त कया ए ।मै ता मत्ते सारे फाइनेंस सिखयो न
kangri_00742	मैं इक पेशेवर गेमर दे रुपे च आनलाईन कम करदा जेहड़ा इक बदिया भविष्या है।
kangri_00743	पर छडघा गळुए तिएँ ही गांह कुथी नी जांघा
kangri_00744	मेरे पिताश्री जयदेव विद्रोही होरां प्रार्थी जी पर सत्त साल लगाईके कताब लिक्खियो
kangri_00745	भगवान जी ने बोलेया, "मुनि जी मिजो तां हुण राम है पर, ६ गुस्से दा हुण क्या हाल है? तुसां जो क्रोध कांह् आया था?'
kangri_00746	लोरा :ओह सैलमन फिल्ट दे चार टुकडे कने कैटफिश फिले दे चार टुकडे खरीदा। अम्मा जो खरा नी लगदा। पूरी मछली पा।
kangri_00747	तदूं दा जमाना बड़ा बैकवर्डड था पर मेरे क्हरे आलेयां जो तां पैहले ते ही थर्ड डबीज़न तेे बड़ी नफरत थी।
kangri_00748	कर्फ़्यू लगणे दे बी पूरे पूरे असार थे।
kangri_00749	इक जगह इक लालची कने बेरहम व्याध रेहंदा था।
kangri_00750	गूगले दा ग्लाणा है कि कल्ले ते फ़िरी मौसम ख़राब होई जाणा
kangri_00751	कल्यांणें गलायागल्ल एह ऐ चाच, कुआर रहणां मंजूर,-अपंण मैं देह-देहईय्या जगाह बियाह नी करी ईय्या
kangri_00752	हे प्रभु!क्या ऐसे शुभ पर्व पर तूं मेरी परीक्षा तो नहीं ले रहा?
kangri_00753	त्रीए ध्याडे़ परंत जाल्हू मैं फी़ तिस रस्ते ते जादी ही बाबा फी़ सुज्झे उदास जे।
kangri_00754	", तां-सवेर नं तं वी टुर जा ऐत्थों सुण लेया-? एह कोई सरां नहईं जे,-मुफत दीयां रोटीयां पाईन नूं मेरा घर ई रेहया सी तैन ?
kangri_00755	कांगड़े च बाण वट्टियै दान - दक्खणा देइयै गुज़ारा चलाणे ब्हाल़े राजा बाण वट्ट दा राज हा।
kangri_00756	हैडमास्टरा की पता लग्गा, तिनां तीसरी कनै चौथी व्हाले यां जो बाहर खरेड़ी पुछ गिछ शुरू करी ती
kangri_00757	मज़े आली गल्ल ता एह कि किच्छ जिम्मेदार विभूतियां एह ब्यान दिंंदियाँ कि यह तां पराणे कट्टेयो।
kangri_00758	एह सोची के सेह घोड़े दा रूप बनाई के घुड़साल च लुकी बैठा।
kangri_00759	सूटे कने मैचिंग ज्वेलरी लई लेंदी
kangri_00760	गोमती भलें दलित वर्ग दी वार्ड पंच थी पर तिसा दिया बाणिया च सच्चाई थी ।
kangri_00761	आजदा नीं भाजदा ए अषते हजार करौ।
kangri_00762	गुग्गा नवमी पर असां दे सब्ब दोस्त परुआरे सौग्गी रोट बंडदे।
kangri_00763	कनै जे मैर्हम नी भी मिलघा ता भी कोई रस्ता दसणे बाळा ता मिली ही जाणा
kangri_00764	दसैहरा कुल्लूए दा , अंतरराष्ट्रीय मेला है जो सत्त दिनां तिक्कर चलदा है।
kangri_00765	मिजो लगया कि मोमिन मिजो पछड़ौई नी सकादी थी, इस परां मै कालू रूकणा लगियो थी।
kangri_00766	अपंग तिर्दै बब्बै, भिरी जहंग अड़ाई इत्ती
kangri_00767	पटवारी-तसीलदार नीं छड़वाई सके जे
kangri_00768	चोर, सी-सी करन लगा, बोलिया, ''हाय-बो . खाई सड़िया !”'
kangri_00769	दाना मिया बीबी घाए लेई करी जाल्हू घरै पुज्जे तां अंगणे च पुलसा महायत दिखी करी होश गुम होई गै
kangri_00770	नशा पौंए कुसी भी तरीके दा होए मनुक्खा जो लंगडा़ बणाई दिन्दा।
kangri_00771	इच्छा छाडया सो पिय मिलया-भई अगर चंदन
kangri_00772	रसीले दा पियो बिहारी बाह्मण मरी चुकया था, गातों ब्राह्माणीयां अपणे इकोइक पुत्तरे रसीले जो बड़े चाए कनै पढ़ाया-लखाया
kangri_00773	मौत ते पेह्ले याद बडी साफ होती जांदी ए ,पूरे जन्म दिया गल्ला याद आउंदिया हन सारे द्रिश इकदम साफ होयी जांदे हन समे दी धुंद हटी जांदी
kangri_00774	कपड़े यां यो झाडदै सूर ऐं तिसीयो पुच्छेया- अपमान किया - "आ, जाई कताह अया ?"
kangri_00775	संझा घोटुए की पूरी औआ कनैं, दिनैं दिक्खा तां घीटू सारिया फसला दी उजाड़ा रा कारण बणेया
kangri_00776	था तां सैह्‌ बड़ा छल, सुनक्खा,पर गल्ल तिस दी सदा ई कुहाड़-मार,कप्फण-फूक हुन्दी थी
kangri_00777	ब्रेडन मिमी दा कैफे।? ये जगह शहरे च सबते बडिया बर्गर ए। माहौल बी खरा ए।
kangri_00778	तालू नारद जी ने भगबाने ने गलाया प्रभू तुसां दे भक्ततां दी इस संसारे बिच कदेई बुरी हालत ऐ मिंजो ते तां दिक्खी नी ओयादी ।
kangri_00779	मंदरांं च लक्खां लोक दर्शना जो जांदे थे लक्खां करोड़ांं दा चढ़ावा औन्दा था, सब गेया
kangri_00780	मेरी बीवी जाहली अपने तुआरे दी ड्राइव लेंदी ऐ, ता ओह, इक दिन होई सकदा ऐ।
kangri_00781	“मैं जेहड़ा कह दित्ता-, हुंण ओहन्नूं मोड़नां मेरे वस तौं वाहर ऐ-
kangri_00782	बसेसरे तिस 'हुर्र' दे सबके कन्ने डाक्टरे तो साटिफिकेट लई आन्दा
kangri_00783	कोई गल्ल नी तू सिमला चल्लेया तां मुख्यमंत्री जयराम होरां जो पुच्छी औयाँ कोई हो तेरी खात्तर वड्डी पोस्ट तिन्हां वाल।
kangri_00784	कुसी राजे दे राजमहले बिच्च इक बांदर सेबकबनीई के रैंदा था।
kangri_00785	बेशणा मेरी छावां ने थोड़ी घड़ी
kangri_00786	अज अपणे जीवनेच मस्त है, व्यस्त हैं!!
kangri_00787	नेंसी: हां, पिछली बरी जाहलु अहां इक्की दुए जो दिखया था ता नोए साले दी पूर्व संध्या थी। तुहां कदेह हन?
kangri_00788	शाबाश शाबाश” बोलदा जांदा कने कापियां च दसख़त करदा जांदा।
kangri_00789	सेठे दा चालबाज बेटा सब समझी करी बी अन्जाण बनने दा नाटक करना लगया,' पाई तु क्या चान्दा?? तुई दस???
kangri_00790	धुखांदा भी कैंह नी, दूही जणयां बड़ियां मन्नतां मंगियां, बड़े दीए जलाए, बड़े धूप धुखाए तां जाई करी अज एह पुत्र मिल्या
kangri_00791	मैं अजे तक जो कर बनाणे दा सुपणा संजोया था सै सुपणा मेरे पीछे लगीपया होर कई बार असां तीमी खस्मेच लड़ाई होई गई ।
kangri_00792	जे अज्ज बड्डा ध्याडा़ ऐ तां मता खाई लिया ओ मरीआणेयो हर रोज़ थोडा़ जिह्या देई देन तां असली दान होणा।
kangri_00793	पुत्तर :- कुछकी चैटिंग वैटिंग करदा रैहंदा गर्ल फ्रैन्डे कने
kangri_00794	राती जो तौळी सौणा कनै भ्यागा तौळी उट्ठणा चाहिदा। सारा ध्याड़ा खुशियां भरोया निक्ळदा है।
kangri_00795	इतण च सत्तर जर्मन बह म्बां मारदे होए खाइया-च आई पर सक्खा दियां बद्का दे हडै पैह ला धावा रोक्केया दूआ बी रोक्केया
kangri_00796	इतणे च दुकानदार निबटेया क. इह नां दा सौदा देणा लग्गा
kangri_00797	जिस विच लामाओं के मरुस्थल में कने हिमाचल का मिर्ज़ा ग़ालिब, लाल चंद प्रार्थी काफ़ी चर्चित होइयां।
kangri_00798	पिता ते बाद मांऊ कन्ने प्यारे खातिर तीनों पैणा बया न करने होर माऊ कन्ने रैणै दी कसम खादी।
kangri_00799	भारते दी नार मानवता दी जय-जयकार ऐ
kangri_00800	तिने दरोया भई कदी कदी मन भुलाणे रे खातर सै घरा ते निकली जाहों पर अज्ज अपणे इक्की पड़ेरािए रे नांवें जमीदा रा इन्दराज कराणे आया था
kangri_00801	एह जूतेया तोपने दे लेई मुश्कल ए ।मेरीया हार्स च वी रॉक करणे दे लेई।
kangri_00802	“माझे च,–'इतांह कुथू रैहन्नी ऐं ?'
kangri_00803	माड़ेयां-मोटेयाँ, निकेयाँ-छुकेयाँ वकीलां जो सैह बी नीं मनदा हसोआनी नां होऐ कुथी
kangri_00804	ग्राएं रिया लोकां कनैं सरपंचें बोली-बुलाई ने अफसरां तों चिट्ठी लेई ने भगतू तिस स्कूले च पा्णी भरने ताईं नौकर रखाई दित्ता |
kangri_00805	नूंह् नैं काल़जा पकड़ियै पीड़ रचाईत्ती।
kangri_00806	रवि : मुआफी तां पंडित होरां ते मंगो जिन्हां दा तुसां इत्तणा नरादर कीता ऐ
kangri_00807	गल्ल काहलूं करनी ? के करनी ? कदेई करनीं? एह्‌ सारियां जो आऊणां चाहिदा
kangri_00808	इक्की साल्ले परंत शैह्रे दिया लम्बिया गलि़या अट्ठ-दस्स बल़द सड़का घुम्मणा लग्गे।
kangri_00809	बहुत ज़ादा नी हैंन। हालांकि मिंजो जवान होणा चाहिदा।
kangri_00810	रुद्र:किंह्या रैंह् मैं समाजे ते अणजाण?
kangri_00811	तिसदी एह्‌ गल्ल सुणो तां बुड़ढी बोली, '' बच्चा, मेरे दोएं पुत्त फौजा च हन,
kangri_00812	शगनां , कुड़ी मूंड्डे दे सत्त फेरे दुआ, ते विदा कर-तं काही लंगने-चौड़े झंजट च फसनां पेंयां एं
kangri_00813	ज़ख़म अपणयां ही दित्ते तां मल्हमां नैं था क्या बणनां
kangri_00814	विष्णुए बोलेया, "ध्याड़ी लछमिएं आदमिए दें मास दे लेप मेरे कालजे पर कीता था तां सह पीड़ हटी थी
kangri_00815	होर तां होर, कोई माई दा लाल एह तां करै, जे अपंणेयां बब्वां-माँऊ छड्डी कुसी दे वगांन्नै घरै, कुड़िया सांहई चली याऐ
kangri_00816	जित्थु प्यार मुहब्बत है तित्थु नफ़रत,गिला सिकवा,बेरुखी सब संभव है
kangri_00817	छेऊआं झड़कोई के बोल्या- अरा! तुभ फलाणी मत पांएं
kangri_00818	तिन्हां रे घरें कोई निक्‍्का-याणां न॑' हा भिरी वी सैह खुश हे
kangri_00819	मैं हररोज़ काले कपड़े पैहनणे दी कोसिस करदा।
kangri_00820	मैंने बिना देर किए तुरंत कहा, सभी पैसा, जेवर लेकर खेत में बने फॉर्म हाउस में रहने गए हैं बेटा।
kangri_00821	हुण सैह डैणा राणी बगैर बाहईं कनैं इक लत्ता भारें लगी उड़कण, मुहएं बाकै
kangri_00822	तिन्‍्हां रे घरे लागें दो घर, इक सरदे ब्राह्मणें रा कनैं इक खुदा बखश जुलाहे रा हा
kangri_00823	छोट्टयां-बडयां टिकरां (उच्चियां पहाड़ियां) धारां रिढ़ियां (छोटियां पहाडियां दा क्षेत्र हमीरपुर जिले कांगड़े दा इक्क हिस्सा था
kangri_00824	जिय्यांं मौक़ा बड़िया मुस्कला ने हत्थे आया था
kangri_00825	शॉवरे (फुआरे)च नहाणे ते जादा पाणी खर्च हुँदा
kangri_00826	बस एह सोची ने कि गांह सौहों ही चल्या है सैह छणक मणक करदी चली पई जोन्ढे पिच्छै
kangri_00827	तिन्नी जयेन्द्रे यो वैहळुया जेया दिखेया-, सह घबराई ईय्या,
kangri_00828	बिधिए सहमतिया दा हुंगारा भरी करी छुणकिया दी खाख थपथपाई करी गलाया - शावाश तू ता बोलदी थी जणासां वल दमाग ई नी हुन्दा
kangri_00829	सैह झूठा तमासा /वचार घडने च माहर था ।
kangri_00830	सुनीता एह कदी नी सोचणां-जे एह लफज मिज्जो कयो गलाया-एह नी गलांणा चाहईदा था
kangri_00831	प्रांएं च, केईय्यां यो सक्क ऐ, जे मैं तां अपंणां लेया करूमाई, अपंग तुहां देंयां यो, मैं रोक्का दा
kangri_00832	तिन्हां ग्लाया वड्डा मतलव कुसी ख़ास दा मर्डर शर्डर.....
kangri_00833	गंगी बकळोइयो कदी तांह जो खिट मारै कदी तांह जो
kangri_00834	असां माह्णुआं प्रकृति माऊ जो अपणी दासी मन्नी लेया हा।
kangri_00835	चौहं पासेयां ते मिरग, हाथी कन्ने सेरां दे रहाणे दियां उआजां औंदियां थियां
kangri_00836	जॉन: मैं हाली इस हफ़्ते ही शुरुआत किती ए।
kangri_00837	दफतरे च इसा गल्ला जो सब जाणदे जे दफतरे च सारयां झगड़यां, पुआड़यां दी जड़ हैड कर्क मंगल ही है
kangri_00838	अज्ज कुछ देर होई गइ यो थी ता घरे पूजी करी खिचडी या मैगी बनाने दा विचार चलया था।
kangri_00839	संजीवक ने कुछ ई दियाडेयां च ई अपने दिमागे ने जंगली पिंगलक दी हिंसक आदतीं छुडाई करी उसजो गरांईया धर्मे च लगाई दितया।
kangri_00840	पर जाह्लू भाभी कुसी ताईं तोहफ़ा लेईऔंदे तां एह कजो गलाया जांदा जे नूंह्ए तू कैस कूड़े चुकी लेई औंदी?
kangri_00841	अलौकिके माऊ ते पुच्छेया माँऽ एह् अंकल रोज़ शराब कैंह् पीन्दे कन्नैं गाली़ं कैंह् दिन्दे।
kangri_00842	लाला:-माहणुएँ जो अपणी औक़ाता च रैहणा चाहिदा बुरा टैम कदी बी आई सकदा
kangri_00843	मिजो बला हुन चार हजार ते ज्यादा हन।!बेशक, शेल्डन।
kangri_00844	बंदरे यो पीड़ ता बड़ी होई पर मित्रे राक्षे सामने चोरे दिया ताकता यो घट दसने तायें सेह तिथू बैठिया रिया।
kangri_00845	महात्मे ने शांत चित भाव ने सिकंदर दी पूरी गलवातां जो सुनया कने कुत्थु क्या तिजो लड़ाई करनी कने जितनी पसंद ए।
kangri_00846	रोज डंडुए नैं सिर टट्टर फुटांदे, हत्थां तोड़दे
kangri_00847	गिदड़ पट्क्क बोलेया, “ओ! इकसी जलेयो मगरमच्छे बढ़ा दी पौड़ा जो मुच मारी ता है
kangri_00848	हल्के औ आखटी दू आशू रै भंडार करौ।
kangri_00849	बजीरा, तसां और बाल्टियां ले ई-नै खाइया दे पाणिये बाह र सुट्टा
kangri_00850	यानि अहां लोक अपणी भासा/भाखा ते इतणा दूर होई गेयो भई इस सधारण/ सिद्धे देह अक्खरे दा मतलब बि नी समझी पांदे ।
kangri_00851	मार्कण्डेय ऋषि,व्यास जी इसा धरतू पर आई नैं इसा जो पवित्र करीत्ता।
kangri_00852	जाहल सैह लोहका देहया था, धोहक्क ई ति बब्बै जलन्दर जाई छोटा-मोटा वपार सुहरु कित्ता, तिहते बाहद सैह तिहत्थू ई .बसी ईया
kangri_00853	लोरा : मै माउ दे बारे च पुच्छना भुली गया। इंजा बी तुसां कसाई ते उसदी राय पुचाछी सकदे हन सै सबते खरा क्या ए?
kangri_00854	अपणिया चीजा लौआ, फेरी हऊ चलेया व्याहा जो जरूर औहंगा पर हऊ रोकणा नी
kangri_00855	बच्चयां दे बापस आणे पर देवी-देवत्यां जो भोग लग्गे, फिरी नेढ़ें-पडेसें परोसयां दा लेण-देण होया
kangri_00856	जाल्हू साहब औंगे ताहू इक्क दम खड़ोई करी जैहिन्द बोलणी,
kangri_00857	आपसे बौत गल करने दी मनाही रैन्दी तांजी अन्य कलाकारों जो मंच पर खल्ल न पौए ।।
kangri_00858	इक दुर्घटना च दूं पैरां दी उंगली टूटी गईयो थी।
kangri_00859	मेरा भाऊ मता नीं पढ़ेया पर एह् खुशी कि परमात्मे दा नां लैंदा कन्नैं बेथोए कम्मां ते दूर ऐ।
kangri_00860	तिस मुंड्डुए री शेरां मारने री गल्ल उडदी-उडदी राजे दिया तिमा अठमियां राणियां दियां कन्नां च पेई गेई कनैं सैह लगी डरन
kangri_00861	न रहेंगे पीले महाराज, न रहेंगे सफेद महाराज एक रहेगी टुण-टुण मैय्या-एक रहोगे तुम
kangri_00862	मतेयां पेपरां इस सिलसिले च बहसां छेड़ियां कनैं पहाड़ी भाषा जो इक मुद्दा बणाई नैं छुआलणे दी नकाम कोशिश कित्ती
kangri_00863	रबारे री एह गल्ल सुणी ने बुड्ढी झट्ट अन्दर गेई करने इक हज़ार रुपेया ब्याहे रा खर्चा चलाणे ताईं रबारे जो देई दित्ता
kangri_00864	राजें ये सुणी करी बजीरा जो गलाया, “भई! क च मत्ते सारे हीरे जवाहरात पाई देया ताकि ये गरीब बचारा अपणा गुज़ारा करी सके
kangri_00865	असां जो सम्हाळ रखणे दी जुरूरत नी है
kangri_00866	शहरे दे रसूक्के आलेयादी पीड़ जिलाधीश दे आफिस आगे जुटणा लगी।
kangri_00867	पैहल्ले ई अस्सी-पचास्सी ज्हार लगाई खालली होयो- अरथू ते कहडंणां इहतड़ा पैहा-?-"
kangri_00868	उल्टे सैह अपणेयां भाईयां कन्ने बाबे जो समझाणा लगी, “तुस्सां फिक्कर मत करा होणी बलवान होंदी, लिखयो संजोग कोई नी टाली सकदा
kangri_00869	हाय वो मेरिए जानी एह क्या स्यापा पई गिया हुण
kangri_00870	तिन्नी झटपट झफिया पाई रुख पकड़ी लेआ
kangri_00871	मैं कोई मतांणे यो नी गला दाः- अपंण जरा की सोचंणां चाहीदा"
kangri_00872	मैं सोच्चेया, एह पशु-पक्षियां दीयां उवाणां नं,
kangri_00873	ये ही सोचदे सोचदे मालरोड ते छोटा शिमला दे पोस्ट आफिस ते नेठे उतरी मोमिन दे बंगले जाई पुजी हो।
kangri_00874	उस दिन हर गा लादे लादे रस्ते ते चुगना गईंयां।
kangri_00875	क्या दस्सां अरा-," अखबारा यो लपेटदै परमेसरीऐं गलाया, ___-बापूए यो पता नी क्या काहली पेहईय्यो-, बस हुणे वी जागत
kangri_00876	हाय उत्थु तुसां किंजा हन? मै ठीक ए । बस अपने पसंदीदा बैंड जो सुना दा। छोड करा तुसां?
kangri_00877	राधा :- जाहलू मैं गोगल शोगल लाईके कॉलेज एंट्री मारदी तां सारे मुंडू अक्खां फाड़ी फाड़ी दिक्खदे मिंजो।
kangri_00878	हुण बसेसरे रे वकीलें गल्ल सांभी लई, सैह बोलण लगा, "जज साहब, एह गद्दी पागल ऐ
kangri_00879	इसा कुदरता दे सब्बो प्राणियां जो हरेक चीज़ चाहिदी।
kangri_00880	रुल॒दू रोया, डकराया पर क्‍या करदा
kangri_00881	ओ राजू घड़िया दिक्ख सत बजणा लगेओ न ।साढ़े सत्त गडिया आई जाणा ऐ ।
kangri_00882	औस्ती होरां अपणां पग्गई व्हाला मुंड ल्हिाई के
kangri_00883	आम्बली दा बूटा क्हाणी संग्रह दियां सारियां क्हाणियां इसाई पीड़ा दियां बुझारतां जां अभिव्यक्ति न
kangri_00884	में पनीर कने हैम सैंडविच ने प्यार करदा।
kangri_00885	चौदाहं सालां तों घट उमरा रे बच्चियां जो होटलां पर, जा मेहनत-मजदूरी करने पर मजबूर होणां पौन्दा |
kangri_00886	इन्हां जो औंदेयां दिखदे सार ई डंडे दी उआजा सुणी परोह्त लब्भू तां अन्दर बड़ी जंदा ऐ
kangri_00887	अच्छा ,ता तू ही इक सती सवित्री है, बाकी सब दुष्ट हन।" पतिएं बोल्या।
kangri_00888	पटुए दी मारी पलोहड, करी कताब्बा लेई जाई बैठा
kangri_00889	परे च चाचू ही इकमात्र ऐसे व्यक्ति थे जेहड़े सारे मुहल्ले च सम्मानित योग व्यक्ति थे पर सैह भी जादा दिन नी रैह
kangri_00890	मै बड़ा शर्मिंदा ए" टिनी अपने साथी ए ने ग्लाया।मिजो जाना पोना ।तबीयत थोड़ी ठीक नी लगा दी।"।
kangri_00891	'' बुड्िढिया जो एह्‌ गल्ल सुर्णी करी तिस पर बड़ा गुस्सा आया,
kangri_00892	तू जाणदी भैणे सारेयां च मकाबला ऐ दुए ते अग्गे बधणे दा तौऽ-पीड़ ,खरियाँ गल्लां अज्ज किच्छ भी तां नीं सुज्झदा।
kangri_00893	जेकर माऊ-बाब्बे जो समझकार बणाणे दी जगह पैसा कमाणे पर जो़र ऐ तां न्याणे किह्यां संस्कारी बणना।
kangri_00894	बापू जी कि छोटी अम्मा की तां ही सम्हाळ होणी
kangri_00895	मै अच्छा स्वयंसेवक वास्ते तयार होआ दा।
kangri_00896	पता नी साहबैं क्या-क्या पुच्छणा, चलो जे पुच्छगे, जबाव दिंड्गे,
kangri_00897	डीज़ले जो लग्गादा ऑस्कर जित्ती लेया
kangri_00898	मिजो फास्ट फूड पसंद नीए। क्या तुहां जो फिलमां पसंद हन?
kangri_00899	वेद पढ़ी-पढ़ी तिस-चां उड़न-कठोल चलाणे दी विद्या सिक्खी गेयो हन गौआं जो नी मारदे
kangri_00900	राजे दा गलाना था कि रस्ते बिच्च कंकर पत्थर थे सै मेरे पैरां बिच्च चुब्बी गयै कने इस बास्ते कुछ इंतजाम करना चाईंदा।।
kangri_00901	क्या करनी जमीन! जे हॐ अज्ज मरी जाऊं तो एह पता नी किस जो जाणी
kangri_00902	केंह कि मिजो ठंडी लम्मी सर्दियां पसंद नी हन। इस करी के मिजो टेलीविज़न दिखने दा मज़ा ओंदा ।
kangri_00903	मिश्रा जी अनुशासन दे बड़े पक्के थे सख्त स्वभाव था हर वेल्ले तिन्हा दे हत्थे विच बैंत रहंदा था
kangri_00904	जुआन कुड़ीयां घरैनं, अपंण वियांहन कींहय्यां
kangri_00905	जाल्हू अंतिम चलाखडू बुझया ता सब अपणियां-अपणियां टोलियां ने कटरोई पणयां घरां जो चली पए
kangri_00906	सुपरवाईज़री स्टाफे ने गल गत्थ करणीथी
kangri_00907	क्या तू हां कम करदे आे। मै सिर्फ शाकाहारी बनने दी कोशिश। करादा।
kangri_00908	कम्में दा न काज्जे दा दुस्मण अनाज़े दा
kangri_00909	फ़िरी झाड़ू, पोच्चा, कपड़े करी लेयांं
kangri_00910	इह्नां विषयां दे निबंध मैं आलोचना कनैं विवेचना आली पालिया च रक्खे हन
kangri_00911	दिक्खा भला! लाड़े दे पिंडे पर कोई छटांक भर भी मास नी ऐं,
kangri_00912	विस्किन ते है कनै तिन्हा दे दो बड़के हन । अपणे बारे च दस्सा ? मैं भी विस्किन ते ही है, सही च वुकेशा ते
kangri_00913	लाला:-पुत्तरा ऐड्डा क्हुमण्ड ख़रा नी
kangri_00914	गुआच्चेया वक़्त फिरी हत्थें नीं औणा
kangri_00915	कलयुगे दे इस दौरे च बाप्पु निःशब्द था
kangri_00916	पग पड़े आंगणै दै आज मेरी जिंदौरै।
kangri_00917	तिन्नी मिंजो गलाया धरती माऊ दी ऊंगली पकडी़ मिंजो तिकर पुज्जा भिरी मेरे ऊपर बणेयो स्कूला मेरी ऊंगली पकडी़ नैं चल्ला।
kangri_00918	जज फ्रैंक केप्रीयो अजीबो गरीब फैसले वास्ते मशहूर हन।
kangri_00919	गिरीश ने दस्सया कि सुमित जो इस हालेच रैन्दे पूरे चार साल होईगे।
kangri_00920	इसा धरता बिच्च बथेरा सोना ए उसजो तां बस शुरबीर विद्वान कने राजे दे चतुर सेवक ई हासल करी सकदे हन
kangri_00921	ब्राह्मणे सोचया जे भई हण मरणा ता है ही पर किछ ना किछ ता करना ही पौणां
kangri_00922	' तिन्नी माणुए ग्लाया, “असां देपास्से ता पतले-पतले रुख हुन्दे बड़े मोटे नी हुन्दे आ तुसां दे पास्सै?" तिन्नी पुच्छेआ
kangri_00923	अहां यो, घरै आई ई सैह, के ई किच्छ गलाई ईय्या,-तिहत्यू तां सैह बचारी किहल्ली होंणी- तिहत्थू कुंण ऐ तिहा दा-?
kangri_00924	पिछलियां दिनां च आजादिया तों पैहलैं ग्रा'४ च हस्पताल नीं थे हुन्दे
kangri_00925	जॉन : मिन्जो एह वी उमीद ए कि एह मिन्जो अपणे क्षेत्रे च बढणे च मदद करगा
kangri_00926	अमन-ओ-चैने दा हर दिले च इक जज़्बा भरी देईये
kangri_00927	गामणें हुण तिस मरतबाने च दो बड्डे- बड्डे भूरे बिच्छू चिमटे ने पकड़ी कै पाई दित्ते
kangri_00928	मैं बोलया हाँ बचपनेच मैं आकाशवाणीच उनाने मिलदे रैन्दे थे।
kangri_00929	अपर रामू बगैर वगत गुआए दुआइयां दा झोल़ू चुक्कियै दुआन्नुएं सौगी तौल़ी-तौल़ी चली जांदा ऐ।
kangri_00930	सबनां कमियां दे बावजूद भी तिसदे मुंहे ते 'सब बधिया ही' निकळदा है।
kangri_00931	इसा मुहिमा च सैह अपणे सौग्गी हिमाचले दे नौंएँ कने स्थापित लेखकां जो जोड़गे
kangri_00932	जेड़ा कार्ड सद्दे जो पेजया था,उस पर बी नानी लेई कविता कन्ने नानी दा फोटो था ।
kangri_00933	बग्घा बल़द टीह्रा होई म्हौल संभालणा लग्गा कन्नैं साथियाँ जो गलाणा लग्गा न्हेरा होणे ते पैह्लैं किट्ठे होई आनेयो।
kangri_00934	जेम्स: मैं किराए पर इक अपार्टमेंट दिया तलाशा च ए। तू एथू क्या करा दा? तू बी अपार्टमेंट दी तलाश च।
kangri_00935	मखमली रूई दे साई सफेद फाहां ने अन्नत दी टोपी, फिरी ओवरकोटे दे कन्ने कन्ने पैरां दे बुटां ते अपणी हकूमत दर्ज करीती।
kangri_00936	बच्चा डरना इ होए तां राकसां लोक्कां ते डरा जेह्डे़ अपणे मतलबे ताईं चर-अचर कुसी जो नीं छड्डदे।
kangri_00937	इसा ठिच-ठिचा ते, घरे च माड़ा-मोट्टा युद्ध ? क्षेत्र ई बंणी रहदा
kangri_00938	सिंदरी:- क्या दस्सा भैंणे प्प्यागः ते संझा तिक्कर फुक्केया क़म्म ही क़म्म
kangri_00939	बुरा होऐ इस लम्बरे दा इन्नी मेरे सैंकरूए ने मिल्ली ने मिज्जो ते झूठ बलुवाया नही ता अज एह हुस्ना परी जेल्हा बिच हुन्दी
kangri_00940	पुलसा दा सपाही इंडखोरुऐ कच्छा हेट दब्बी इस सारे नखरे दा मजा लैंदा चाई दे गलासुआं कने केक-बिस्कुटां निगलना लग्गा
kangri_00941	क. बोलगे- असां तां होर वी "पट्ट' शब्दा री खरी चीर-फाड़ करी मीह्जे कनैं पोटलियां तिक्कर धीड़ी सकदे
kangri_00942	सैः मारदे ठःसां मनिस्ट्रां, नेते- वेतेयां तिक्कर अपणीया पोहुंचा रियां
kangri_00943	कोई खराव नी हुंदा-, अपंण म्हारीयां नजरांनां, बस संहई खराब समजा तुहां
kangri_00944	मिंजो रोज कसरत करना पसंद ए। मेरे बनाबटी दोस्तां बल वरक आउट बी ए।
kangri_00945	सिर्फ उस टैमे दे दौरान जालू सबते ज्यादा विजी था। जेडा भ्यागा हुंदा इक टिखया हुंदा ।
kangri_00946	मैं घरे ते कम करदा तुसां दे बारे च क्या? यै खरा नि ऐ। एनक लगा। नेटफिलिकस दिखणा।
kangri_00947	व्याहे आलेयां दे अंग्गण, ब्रांडे, अन्दर वौहड़ी कनैं ओबरी सब माणुआं-नैं भ्रोई थे गेयो
kangri_00948	ता इंयां कुथू ते सुणना मिलणा था मिज्जो जे मेरी दादी मिज्जो केडियां कि मुआळी ठोकदी है पिछुआ ते
kangri_00949	तू तां तिक्कर नोट गिण गिफ्टां आले
kangri_00950	तिन्हा रे पुजणे ते पहले ई राजकुमार कनैं नीलम पद चली गये थे
kangri_00951	इक दिन जाहलू बरसात तेज़ होआ करदी थी।
kangri_00952	नर्स :तुसां कुण देय विटामिन लेया दे हन?
kangri_00953	सैद असां फिल्मां बाद शिल्प स्टोर कने बंद करी सकदे हन।तुहांजो क्या लगदा सारा
kangri_00954	तां चौब्बी घंटे,-जां दिखंणां तो एहत्थू-जे एहत्थू नी, तां तिस सौग्गी हटींयां-झगट्टींय्यां
kangri_00955	जीहां घर्रे अंदर गया ता इया लगा स्वर्ग च आ ई गी या।
kangri_00956	सिर्फ इक बरी सौभाग्य ने यए सिदे तमाशे दे दोरान नी था। शर्मिंदा हुंदा। इंजा मैं तुआरे जो चर्च च रैंगा। इस बासते कामयाब होने दी अरदास करगा
kangri_00957	देव घाटी जाहलू दानव घाटी बनणी सुरु होई जांगी
kangri_00958	मैं तुसां दियां गल्लां पहलै ई सुणी चुकेया थाइस राखी दी कसम मैं अज अनर्थ नई होणा देणा
kangri_00959	ब्याहे बाद क्या बिट्टी मारी दित्ती जांदी, कने सिर्फ इक्क नूंह कने इक्क लाड़ी ज़िंदा रेह्यी जांदी?
kangri_00960	पर भिरी वी मास्टरां भगतुएं जो साटिफिकेट बणाई ने ऐम्पलाईमेंट एक्सचेजं विच भेजी दित्ता |
kangri_00961	इस दियाडे ते वयाह बगैरा शुभ खमकम शुरू होई जांदे हन देवते जागदे हन तांई कोई शुभ कम्म पूरा शूरू हुंदा ए।
kangri_00962	' यनी कुल मलाई-ऊहई सठ-पेंहट आदमी लाड़े सौगी पुजी पै
kangri_00963	मुर्ख दोस्ते दी बजाय बुद्धिमान दुश्मन ज्यादा खरा हुंदा ए।
kangri_00964	अब मां! तू ही बता इस दुनिया में शराफत का क्या मोल?
kangri_00965	लेकिन पैदावारे दे मुकाबले ग्राहक क़्हट्ट हन
kangri_00966	परना चुक्किया तां खिचड़ी चौंण लगो
kangri_00967	कने पहाड़ी रवायता दे अनुसार टोपी ,मफलर शॉल कने समृति चिन्हे ने तिन्हां दी सारिया टीमा दा सम्मान कित्ता।
kangri_00968	ठंड बि प्लच्छे दी पौआ कदी थी।डैस्क पर बैठणा असान नी था।
kangri_00969	सैह् अंदरो ई अंदर व़ज़ीरे दे खलाफ़ होइयै मौक्के निहाल़ना लगी पेआ।
kangri_00970	मैं अपणेयां कुत्तेयाँ या बिल्लियां देयाँ बाळां जो बैंगनी रंगे विच रंगणे दे बारे विच सोचेया।
kangri_00971	तिन्नी पुच्छेया-जनाब ! अज कोई खास खबर छपियो लगदी
kangri_00972	साह म्णे न्हौई औंदिया कूसकी वैष्णविया ने टकराई-के अन्हे दी पदवी पाई
kangri_00973	इयां तिनै सिन्धुए जो अपणा पुत्तर समझी नै ई पालेया पौसेया
kangri_00974	जेन: मैं मैरीया ते वापस लेने ते बाद जॉन जो इस्यो उधार लेने दा वादा कितया था। तुहां दा एह स्वागत ए।
kangri_00975	बोत दिखयो असां वोट मंगणे वाले।होर चाहे कोई पार्टी आए , सब्ज बाग ही दिखान्दे सारे ।
kangri_00976	सूरजे दियाँ किरणां प्हाडां,खेत्तरां कन्नैं बीडा़ं पर पौणे ते नोक्खा नज़ारा हुई गेया।
kangri_00977	बेटा लैपटॉपे पर इंटरनेट खेलां च मस्त था।
kangri_00978	तुहां? ओह तुहां तायें खरा ए। मैं कॉलेज च इस वक़्त कला दी पढ़ाई करदा।
kangri_00979	हल्ली, खीरी पंड़िया चहड़ी, बौंहड़ी पर पैर रक्खेया ई था कल्याणां जौं चमकेया
kangri_00980	तिन हां जो कुछ ऐसा मिलना ए जेह डा तिन हां जो पसंद ए।परिवार रेदा वक्त महत्वपूर्ण ए और खेला च बी महत्वपूर्ण ए।
kangri_00981	जय हिन्द" श्यांम्मां वी पचांह हटी ईया
kangri_00982	ग़रीब न्याणयां दे न होन फुल्लेयो पेट
kangri_00983	मुंडृड़ हुण 'उड-चिड़ी ' गलान्दा-गलान्दा चली पिया,
kangri_00984	बरड़ कनैं बरड़ी खीरा खाणे तांईं सोच-विचार करा करदे हे।
kangri_00985	जिस नम्बरे पर तुसां गल्ल करना चाहन्दे सैह हाली बिज़ी है।
kangri_00986	इस विच मदद करी सकदे अध्यापक, माँ, बब्ब, रिस्तेदार कने पड़ोसी।
kangri_00987	कहजो बणादे अपणे बैरी कहजो करा दे जीवन ख़राब
kangri_00988	चाहें मिंज़ो सौ सुख बाहर जाई मिलदे ।
kangri_00989	सैह वी जरूरी कि जदूं जुआई भेसां-रूपां बदली लाड़िया दे प्यारे च तुलसी दास बणी सौह रेयां दे पुजी जांदे थे
kangri_00990	कैदी कदाई सटणी देहई ऊषा,, तिहा ने हत्य बटाई इंदी
kangri_00991	इक्क दिन तुसां अरेंजिना विच औणे ताईं काफ़ी अमीर होणा कने एम्पेनडास करना है।
kangri_00992	दो भाऊ नं कुड़ियां दे चौर भेजा, बब्व कुड़िया दा हई नौं
kangri_00993	इक दिन टैम कने मूड दिख्खी करी बिधिया गलाणा लग्गा - भलिए लोके जे तू मन्नी जाए ता इक्क गल गलां - नानक छुणकिए सिर चुक्की करी बिधिए बल दिख्या
kangri_00994	मिंजो पूरा बसुआस ऐ भई पाठक इहा रचना जो पढ़दे बेल्लैं/ समैं खुद अप्पु जो अपणियां बरासता ( संस्कृति) कन्नै ( सौग्गी ) जोड़ी पांग्गे
kangri_00995	शालग्राम कने तुलसी दी पुजा ते पितर दोष दा नास हुंदा। इस दियाडे भगवान विष्णु या अपने इष्ट देव दी पुजा करनी चाईंदी।
kangri_00996	त्री गलांदी-रािर जणदेयां रा, बोबो जे सैर सपाटे जो चित्त करे तां कोई कुताहां मरै ! चा चुकाणा तां मर्दा जो औंदा
kangri_00997	सत अठ बर्हियां रैण्हे परन्त बाबा ता चला गिया पर चेला घरें जो नी हट्या
kangri_00998	कजो नी! घटे ते घट तुसां बाहर तां जाई सकदे थे। मिंजो इंहयां लगदा जे मैं नोखा ही है। मैं जादा बाहर नी जांदा।
kangri_00999	तिसदिया माऊ कपालर्णी रे बत्थेरे लाज कीते, कईयां बैदां, डाकटरां कनैं चेलियां जो दस्सिया पर भगतुए रे कन्‍नां री कपालण नीं हटी
kangri_01000	तिसा दे रागे जो सुणियै लोह्का अलौकिक भी कूकू करना लग्गा।
kangri_01001	पुराने कला दे बणीयो बंगले दे बारे दी गेलरी जिस गोलाकार लकड़ी पर सुन्दर कम्मे दा नमूना , उदे पर जालीदार खिड़कियां बणीयां। अन्दर गोलाकार कमरा।
kangri_01002	सौहरे सामणे जीन,स्कर्ट पैहनी के क्हुमदी न घुंंड न पर्दा।
kangri_01003	जमना दा गुजारा फिरी चली पेया कने तिसा दा दुःखी जीवन फिरी पटड़िया पर आई गिया
kangri_01004	मैं इक मुण्डु हू मै इक दंत खोदणी कारखाणे च काम करदा हा
kangri_01005	इस भान्ने हारे जो बणाणें आळिया दे दरसण तां करी लैन्दी।’
kangri_01006	विनोद:- ओ मोया सुक्र मना इत्थु ही गल्ल मुक्की गेयी कुत्थु तिज्जो सुपणे च तिरंगा नी सुज्झेया नी तां होईय्या था तेरा क़म्म अज्ज
kangri_01007	सैह् बी ठंडू ते बचणे तांईं चुल्ही ब्हाल बेह्इयै अग्ग तप्पणा लगी पेआ।
kangri_01008	रामपुर री लवी, कुल्लू रा. मशूर दशेहरा
kangri_01009	ठीक ! मैं इक नसी ऐ | तुसां क्या करदे?
kangri_01010	नां भाई, मैं नी लांदा, चौंऊ दिनां तें तू मेरे ताई.-'.
kangri_01011	तिद्दी मा$ बड़ी बैह्मण कनैं तलख़ स्वाभावे दी जनानी ही।
kangri_01012	“प्रौहणे भ्यागा इ कियां आई पुज्जे?” पुच्छ मंग होई
kangri_01013	पैल्हैं मुन्डुआं दी छुन्ड्डी निकळी फिरी जणासा दी
kangri_01014	छड्ड नशा शराब एह शराब है ख़राब---
kangri_01015	भला तू ही बता--दीपक जलाने से क्या लाभ?
kangri_01016	तुहां कुथू ते हन। मैं वेस्ट कोस्ट हूं, पर हर साल मैचिगन में पहुंचता हूं।
kangri_01017	ज़िन्दगिए दा कोई भरोसा नी एह भरपूर जीणी चाहिदी जाहलू जाहलू तुहांजो मौक़ा मिल्ले ।
kangri_01018	कुदरत दा निजम ए कि जिसा चीजा च मता लगाव रैंगा सै जीव मरने ते बाद सैइ जनम लैंदा कने बडा दुख भोगदा।
kangri_01019	शाह : मखा जी कुजो ऐ पीया सूल ? मैं गलाया जी ! मैं आई सकदां हां अन्दर पुरोहित जी !
kangri_01020	गद्दी चारअ भेड़-बाकरी, किसान पैदा कौर अनाज, सेअ,
kangri_01021	ब्राह्मण बचारा रोज़ मंगी-मंगी की गुजारा चलांदा
kangri_01022	मन ठगोया रोजे रोंदा मौत ठाठीं मारदी
kangri_01023	बुड्ढ़े महजे पर ई प्राण देई देणे
kangri_01024	सौहरियाँ जो चाहिदा कि सैह दयी छोटी उम्रा दियां विधवा दे दुवारा व्याहे च कोई अड़चन न पाण
kangri_01025	प्रीतो सब कुछ गुआई करी अपणा सुक्का-हुक्का देहली पर बैठी करी गुड़गुड़ान्दा रैहन्दा कनै रीझू घरे छड्डी करी पटवारखाने दे ब्राण्डें बही रैहन्दा
kangri_01026	जाते, धर्म, भाषा, प्रांतां री एकता
kangri_01027	कनें सरकारा चोरां पकड़ने आले जो पंज सौ रुपेये नाम वी रखीता
kangri_01028	इक फौजी पुत्र, त्रै कुड़ियां, इक नूंह कने दो अणूं मियां बीबी, एही तिन्हा दा टब्बर था बस
kangri_01029	होई सकदा है कि इस बारी साड़ी सुनवाई बी हो, वर्ना इस बस्ती तां नेता पंन्जां सालांच इक बारी ही सुजदे हन्न ।
kangri_01030	मिंजो मेरे न्याणे बि एहि/एह्यी बोलदे रेह भई मैं इसा जो कनै अपणियां होर रचना साह्यीं हिंदिया च इ लिक्खां/ लिखां ।
kangri_01031	पर तिन्‍नीं बजीरें बुडिढिया जो समझाया था भई इस मुंड्डुए जो फटियो कपड़े लुआ कर,
kangri_01032	होर तां होर खसंमें यो वी दलत्तियांबड़े चाचू देह-देह केस
kangri_01033	कदी नक्के रगडी़ स्याह बद्दलां ते पाणी मंग्गदे गलांदे फ़सला बचाई लेया कनैं जाल्हू परमात्मा दिन्दा तां टैम मंग्गदे।
kangri_01034	बेचारा परीणा जआई वी अपणीया प्यारीआ "लाडो" दे मुंहे दिक्खणे ताईं तरसदे रैहदे थे
kangri_01035	जिजा समे दे बदलने ने हर चीज बदलदी रहन्दी ऐ, तिसदे सुआद बदलदे रहन्दे हन्न तिजा ही स्वागां दे सुआद बिच बी फर्क आई जांदा है;
kangri_01036	पर मैं बास्केटबॉल बुरा खेलदा |
kangri_01037	तुहां जो कंपनीया जो अच्छी तरह ने समझना पौना- एह कुस तरह दा व्यवसाय ए? कुस तरह दे उत्पाद
kangri_01038	मिजो अपने वारे च होर दस्सा। मैं कुल शाकाहारी ए। ठीक ए मैं कॉफीया ने प्यार करदा कने कॉफी शॉप च कम बी करदा।
kangri_01039	लैड श्रीय्या आरीया, तांभिरी-सैहई-
kangri_01040	पहाड़ी भाषा दे आलोचकां कनैं विरोधियां जेहड़े हिमाचल च रेही वी हिमाचले दी मिट्टिया कनैं नेही जुड़ी सके पहले बड़ा हो हल्ला पाया था
kangri_01041	तिन्हां दी खुसर-फुसर बुड्ढे दे कन्नां च बी पेई गेई।
kangri_01042	जुआई बोले- होसा च आ, मैं आं तेरा.....प्रीतम! पर कुथू?
kangri_01043	मैं हस्सी खेली लुकाई लैन्नां लोकां ते अपणे ज़ख़्म
kangri_01044	इसा उमरा जेह्डा़ बच्चा पढ़दा सैह् बड्डा होइयै अपणा कन्नैं मम्मी-पाप्पे दा नाँऽ रोशन करदा।
kangri_01045	तिन्नी तिंसा दा बाळू ट्हाई दित्ता बोलणा लग्गा
kangri_01046	कन्नैं हाँ एह् जेह्डे़ फैक्टरिया च छैल़ कपडे़यां पाई अंकलजी औन्दे न एह् मरदे कैंह् नींऽ?
kangri_01047	पंदरा दिन्न ? नीं-नीं जयेन्द्र भरा-, दो म्हींन्ने-, वस्स दो म्हींन्ने होर मोहलत देया
kangri_01048	साधुआं सोचिया जे हुण कुथीं गणेसू भिरी हटी ने आई गेआ तां दाऽ नी लगणां
kangri_01049	किछ सालां पहले उनां दी कोठी पर बुरी नजर रखने पड़ोसियां गरमी दी छुट्टियाच जालू ये इत्थू नी थीयां ।
kangri_01050	सैह तिस हण्डए च चौल-दाल मिलाई की रोज़ पकांदी थी
kangri_01051	तिस च भिरी बस,-नौंई लगी बुरी लगंणा घरे आले यो- चौव्वी घंटे तिस ने तिसा दीयां उल्टीयां सिहदींयां गल्लां
kangri_01052	मैरी: ओह, मिजो माफी दिया। मैं इस दे बारे च पूरी तरह भुलि गिया।क्या तूहां मिजो अज राती फिरी याद कराने तायें फोन करी सकदे?
kangri_01053	बराती समेत लाड़ा जय माला वास्ते चल्या तां में ग्रांए दियां कुड़ियां बणी-ठणी कनै फीता कटाणे वास्ते खड़ोतियां
kangri_01054	साधू संत, पंडित ज्ञानी संझा जो सभा जमादे
kangri_01055	नालां-कुआलां टपदे-चढ़दे छोट्यां ग्रां बडयां कसबयां, शैहरां-बजारां लंघदे सदामा-धोब्बू कुथू दे कुथू जाई पुज्जे
kangri_01056	होणा, होई सकदा खुश होई करी स्कूले दी बिलडिंग बणाणे ताई इलान करी जाण
kangri_01057	ब्राह्मणी सोचे, “भई! ब्राह्मण सई मत्त खाऊं
kangri_01058	पैहले हमेसा मिंजो डार्लिंग-डार्लिंग ग्लान्दे थे कने हुण जाहलू दिक्खा कुत्ती हरामज़ादी।
kangri_01059	समित्रो कने सिंदरी:- हैं...न...अ.. अ
kangri_01060	जे एह चड़ेल मिज्जो बगसी दिन्धी ता मै सुआए रपइए दा कड़ाह चढ़ांगा
kangri_01061	ब्राह्मण बोल्लेया--"महाराज!आप वेहोस कैंह् होई गे हे।
kangri_01062	हाम टुमारा बेटा को सैल्यूट करटा है
kangri_01063	इनां दा तां सैही लेखा ऐ- जे गंगा गे तां गंगादास! जमुना गे तां जमुना दास! अजय दत्त जी गजूले पणे च चौधराहटा जो मता जरूरी समझदे
kangri_01064	जुणासां कनै न्याणे भुइयां दरियां पर सजी गै
kangri_01065	लोक गलान्दे भई, "गौड़ बंगाल'' तां उन्हां दिनां विच तन्तर विद्या रा गढ़ था
kangri_01066	कताबां मेरी सब ते बडी खुशी ए, मिजो बाली इक बधिया छोटी देई लाइब्रेरी ए जो मैं इमारत ए। बहोत बधिया।।
kangri_01067	एह जानकारी हमारा मैट्रो ग्रुपे दे मालिक रत्नेश जी ने दित्ती
kangri_01068	देसे दा बजीर बड्डा असां हन अज़ाद सब कोई
kangri_01069	बड़े पहले दी गल ऐ कुसी ग्राएँ च मोहन नायें दा इक किसान रेहंदा था।
kangri_01070	देउड़ी लागी कि निरमंडै री आऐ ऐ गढिऐ होलै ।
kangri_01071	हां एेह गिटार खिलाडियो दे लेई इक समीक्षा एे ।
kangri_01072	मेरी प्रेमिका कने मैटूटि गए।ओह कूल!
kangri_01073	अज ता चड़ेल तिस पिच्छै पई ही गइयो थी
kangri_01074	तिसा रे मुंहे तैं चीड मरोई- चोर- चोर- चोर !!
kangri_01075	सोचण लग्गा जे बसेसरे जो कैद करां तां वी दुख, कैहं जे बसेसर तिसदा सक्का भराऽ जे था
kangri_01076	इस वास्ते सारियां मैडमां दो फुल्कू फालतू हैडकल तांई लैई औन्दिया
kangri_01077	इम्पीरियल प्रिंटिंग प्रैस धर्मशाला दा वि शक्रिया जिन्हां एह कता की छाप्पी
kangri_01078	जाह ल चलना लंग्गा तां सूबेदार बेह ड़े चां निकली नैं आया बोल्या-“लहणा, सूबेदारनी तिज्जो जाणदी ऐ सददा करा दी जा मिल्ली आ
kangri_01079	"तिहा जांदीया दिक्खी जीत्ता, मुम्हें च वड़वड़ांदा बोल्लेया "लोक पूरा यो रोंदे-, अपण तुहां धीम्यां नी, तर नं बच्चा
kangri_01080	पर तिसरी लाड़ी पूनों इराा स्कीमा जो पसन्द नीं करदी थी
kangri_01081	नकामियां दा ख़ौफ़ असरदार बड़ा था
kangri_01082	रवि: रोज गार्डन ए खरा विचार ए ।
kangri_01083	दोनां बैठी नाटक मंचित होणे ते पहलेदे सारे कम्म तय करीलये ।।
kangri_01084	निक्कू दा मुन्नु अज कल सेठे दे पुत्ते दा हमजोली बड़ी बैठया , ये गल्ल पूरी बस्तीच फैली गई ।
kangri_01085	शाह : करम मेरे नेई पर तेरे ढेरे हन्न पुरोहता ! तू बची के रिहां
kangri_01086	सैह अजै झ्न्हां गल्लां भसला दे थे कने गुप्ता होरां कमरे च आई गै कने बोलर्द-
kangri_01087	जे सचमुच ही देया है ता एह मंडुआँ वास्ते डुब्बी मरणे आली गल्ल है।
kangri_01088	तुसां चिन्ता ई मत करा नारी अपनी इज्ज़त दी रखबाली करने दी अप्पू ई ताकत रखदिये |
kangri_01089	पर याद रक्ख अज तरकालां पौणे सत्त बजे साह्मणे आली खड्डा दें कनारै, बड़ी दे ट्याले पर मैं तेरा इन्तजार करगा दिखेयां पर कली मुझई ना जाऐ
kangri_01090	न ताल्हू नी कुथी होती ही सैह गल्त माण्हुऐं पचांह चली पइयो
kangri_01091	हुण किती पछयाणना भई, मैं गांव जे छडी दितीरा
kangri_01092	मैरी: तुहां दा स्वागत ऐ, जॉन। मैं तुहां जो दिखी के बड़ा खुश ऐ। लड़का! मैं कमे कने ही व्यस्त होईया था।
kangri_01093	वक्खें ईं छोटे-छोटे सिकड़ पेहयो, तिन्हां यो बार-बार चुहल्ली च लाई, फूका दिन्दा रेंह, तां, तां अग्ग बलदी रैह
kangri_01094	खरे करने तुसां कदेया संगीत पसंद करदे हन? राक संगीत। मिंजो राक संगीत बडा पसंद ए। क्या तुसां दा कोई पसंदीदा वूटा ए?
kangri_01095	अहद्दे ते जियादा सराब्बी,-पांन्नां चवाई यांन कनें अप्पणीयां ई चिड़चिड़ा च मसन
kangri_01096	मेरीया कालीया प्रयोगशाला कने सोफे पर बैठेयो तुहां दे बारे च क्या ऐ।
kangri_01097	रंत नी ?" हां रता सच दस पहड़ीयो कुड़ी, कन्नं सलाई मिहक्खीयो
kangri_01098	रूआज नी बदलोंणे, अपंण घसंह खांणी इन्हां
kangri_01099	ओह असल च? सेह कुथू जांदे? तुहां कुथू हन।
kangri_01100	श्यामला: अरे!भुल्ली गेई दीदी अज्ज नारां दा ध्याडा़ ऐ।
kangri_01101	सेह बेहनी भाऊ जो पकड़ाई दिते कने बोल्या हून तुसा जो राती निहाल ने दी जरूरत नी। मै दुकाना वाले भाई ने गल करी लई
kangri_01102	तां बजीर बोलिया, "राजा साहब बुरा मत मनदे, कैंह भई एह गल्ल तां मैं उस राजे जो दसणी जिसदा मैं लूण-पाणी खाणां
kangri_01103	हुण ता तिथु बी बायोमिट्रिक मसीनां लगीयां, दस मिनट भी लेट होये ता मुस्कल।
kangri_01104	दिवानेच शोल रखदेयां जिन्ना मेरा हत्थ रूकीगया ।।
kangri_01105	मारथा :हुण सब्जियां दे बारे च किंजा? मां शायद गाजर आलू गोभी हौर चाअंदी।
kangri_01106	जुट्ट, सिरै लालयां आली काली गोल टोपी, कमीज कनें जांघिया ही
kangri_01107	कितणे लोक सस्ते चीनी मबाइल छड्डी पांंगे
kangri_01108	तां छिल्यो आलुए साही बिना चमड़िया दी लाश ही थी
kangri_01109	‘व्यभित’ जदयाड़ी तिन्नी इत्थू कुर्सी संभाली, तदयाड़ी ते नित नौएं ध्यादें नौआं बाजा बजणा लग्गा
kangri_01110	मिन्जो फिल्मां पसंद न , पर मै जेहड़े वड्डे निगमे दे लेई काम करदा हां
kangri_01111	वे सिपाहियों को घेर कर खड़े हो गये।सिपाहियों ने उन्हें समझाया कि वे उनके साथ थाने तक चलें।
kangri_01112	भगवाने दा चमत्कार दिखा, सैह ही बाबू अज सल्लो दा जुआई बणी करी करोड़ों दा मालक बणी बैठा
kangri_01113	तालू दमनक उसजो कनै लैई के पिंगलक दे बल गया बोलया माराज मैं संजीवख जो लैई के आई गया।।
kangri_01114	युग बदलोईगे,मता भारी नौंआपण आया अपर सुथरी सोच नीं आई पाई।
kangri_01115	और लोगों ने अपने घरों को चले जाना है तब वो कहां जाएगा
kangri_01116	पावणेयां पांदे आसे आपणी जिन् देऊ वारी।
kangri_01117	माह्णू तां अपणी भुक्ख मटांदा अपर तुहाडे़ राघव तां पूरे संसारे दी फिकर करदे।
kangri_01118	तू कैस निहाळा करदा ? बरिकम बोल्या
kangri_01119	“जवांई राज! मैं बिट्टिया दे सखसांते जो आया
kangri_01120	तां तित्थू एक गिदड़ आया ते बिल्लिया जो पुछन लगा, “मासी मासी! तू कह रोआं दी?”
kangri_01121	कनें इक दिन रुल॒दुए रा बब्ब तिसजों किल्ले छड्डी ने सुरगे जो चला गेआ
kangri_01122	लेखा विभाग। उयो दैनक अधारे पर बैंके ने वी निपटणा पोणा
kangri_01123	इक ध्याड़ा जाहलू सरयाखा ग्रांए च नसरौआं ल्यौंणा गेया ताहलू सैही चंट माहणू तित्थू टपकी पेआ;
kangri_01124	तिस्यो एह भी पता था कि भूत चड़ेल पिच्छै लग्यो होन ता पिच्छै मुड़ी ने नी दिखणा चाहिदा
kangri_01125	जे जोराबरी करगे जाणा नीं दिंगे तां तुरा री कोठी बणने तिक़ मेरा परलोक बासा होणे री कसर रहणी ए
kangri_01126	सैह तां मेरा अंतिम संस्कार ठीक ढंगैं ने करी देणा सैह-ई
kangri_01127	पंचैती सर्वसम्मत फैसला सुणाया कि हंस झूठा है,
kangri_01128	इस छैळ दिने पर तुसां दे क्या प्लान हैंन?
kangri_01129	जॉन: मेरेयां माता पिता दा घर हफ़्ते च इक बरी ओने तायें बड़ी दूर ए। मैं तिनहां जो कने अपने छोटे यो दिखने तायें घरयो जाना ऐ।
kangri_01130	उस शाम को सैंकरू पटवारी को साथ लेकर आया था
kangri_01131	किरहां-तिन्हां जो कुस्सी दे घरै खाणे ताईंया न्यंदर भेज्जियो थी
kangri_01132	हाँ मैं मन्नदी अज्ज मतियां समस्यां तियां इ बणियाँ हन् अपर स्हांजो दोआस नीं होणा बल्कि हल खोजणा।
kangri_01133	मिज्जो माहरगा तूं - ? लै-मार,-इस रूआज्जे वी बदल बच्चा
kangri_01134	वीरभाने च रसो/खाणा /भोजन बणाणे दी देवतेयां ते मिल्लियो कला बचपने ते ई थी ।
kangri_01135	जिसदी वजह पुक्ख तरैय थकान सबना पर जीत हासिल करी लियो थी।
kangri_01136	जोश एरिक्सन कने एन असां बिग बेयर च जाने दी योजना बना दे हन मै सुनया कि उत्थु बडे खरे हन।
kangri_01137	मैरी: बस इक पल प्लीज़। मिजो सोचना दिया।होई सकदा सेह मछली पकड़ने दे इकी पोले ते मछलियां पकड़ने ने प्यार करदा होए।
kangri_01138	मारथा : मिंजो भूलने ते पैले सुची बिच रोटी पाणी हुंगी। क्या मिंजो इक या दो रोटी मिलनी चाईंदी?
kangri_01139	हत तू मोई बांळुए नी खोल्दियां सुहागणी जणासां कदी भी
kangri_01140	सनीता, अज्ज भिरी वखार निकली अया क्या-? जे वखार था, तां सोई यांद्वी- किरणां गलाया
kangri_01141	जंज-घरै तिन्हाँ यो भठेहलेया-ऊहलेया, चाह पांणी होई
kangri_01142	तिसा जो अपणी रेलयात्रा याद/चेते आई गेई, जेड़ी कुछ दिन पेह्ले अपणे अम्मा-बापुए कने कित्ती थी।
kangri_01143	गिदड़े जो मत्ती पीड़ लगी ते खड़ा-खड़ा चिचलाई पेआ
kangri_01144	आप इतनी बुजुर्ग हैं, इसके बाद भी आपने घर से चोरों को कैसे भगाया?
kangri_01145	क्या ग्लादे गलत ऐ ! ने ही मेरे दोस्तो सई ऐ
kangri_01146	इक दिन देहियां लड़ियां जे तिन्नै जाई ने छम्बा ते छाळ मारी दित्ती
kangri_01147	खंदक खोदी नैं तित्थ ई, जाहल तिक्कर दूआ हुकम नां मिल्ल, डटी रेह यां हम एत्यू ही रहेगा
kangri_01148	सल्लो भी गुस्से च बोली इक अधे दिने च पचूंजां दे साहबें किराया दे, कनै कमरे दा प्रबन्ध कर, नहीं तां सारा समान सड़का पर पटकगी,
kangri_01149	"परोहत जी! उतरा तुस्सां दी मंजल आई गई शेरे दिया आवाज़ा ने तिस्स दा ध्यान भंग होया
kangri_01150	लोरा धन्यवाद।? डाक्टर शुभ सवेर
kangri_01151	रंग, धर्म होर जात बोलिआ रे भेद।
kangri_01152	बुल गलाणा लग्गा:कैंह् नीं करां पीड़-तौऽ,मियो परमात्मे दा वरदान ऐ मेरी बुलबुल मेरे ताईं।
kangri_01153	तिसदी एह गल्ल सुणी के बुड़ढी खौरी होई के बोली, ''तूं चला जा, पिट्ठ दस्स
kangri_01154	कैंह भई सियाणें गलान्दे ''मता भला नीं बोलणां मती भली नीं चुप, मता भला नीं मेघड़ा मती भली नीं धुप्प
kangri_01155	तिन्हां दी सुबधा खात्तर ई मैं किच्छ सबदां /शब्दां दा हिन्दिया कनै अंग्रेजिया च बि अनुवाद कित्तेया ।
kangri_01156	एह्‌ तां घरें ई रैहन्दा जे खुदा आओ चला जऐ ता अल्ला दितती त॑ घरें ई रेहन्दी
kangri_01157	बाहौ रै शिरानै सुतणै खि नए दुल्हन
kangri_01158	पिंगलक ने संजीवक बलदे ऊपर अपना सज्जा हत्थ रक्खदेंया पुच्छया तुसां इस वणे च कुत्थु ते आएयो ।
kangri_01159	दित्ती कुर्वानियां फ़िरी बी नी हारे
kangri_01160	किच्छ हास्य विनोद बी ज़रूरी है नी ता बड़ी बोरियत होई जांदी।
kangri_01161	पई अज कल तां तेरी सारी उंगलियां क्योच है, मैं बी आई जां ??''
kangri_01162	बस्ता रख्या, द्राटी चुक्की कनैं दंदोच्छी (रामबाण), दे दो-चार पटै बढी ल्यांदे
kangri_01163	जगतुएं नहासां फूक चढ़ाई, ग्रंथ बाचिया, कनैं तलीका लेई ने पलुहाणां रे ग्राएं जो घोड़े पर चढ़ी ने चली पेआ |
kangri_01164	‘‘ कजो?’’ दीपो पुच्छेया कनै तिन्ना दस्सेया-‘‘तेरेयां रबारां लेई के अय्या था।’’
kangri_01165	सर्मा जी अज्ज तुसां म्हारे हाल़ियां भाऊआं जो कुण कुण जाणकारी देणे आल़े हन?
kangri_01166	कनैं बुडिढिया कच्ची खिचड़ी तिसदे परनें च नहेरो दित्ती,
kangri_01167	दुईं छोटेयां बी हां च हां मिलांदेयां अपणे मुंड लोह्ली गल्ला जो सेही साबत कित्ता
kangri_01168	अम्मा मिंजो ई एह् दुनियां खुशी नीं दिन्दी।एह् काल्हू सुधरगे?
kangri_01169	इरफान खाने दी ऐक्टिंग लाजवाब थी
kangri_01170	क्या सै समय कन्ने परोगे??? नहीं!!!
kangri_01171	कहबरा मत हुण प्रिंसिपल साहब ने आयी के सब कुछ पुच्छी लैणा।
kangri_01172	पँज-सत्त मुँडू तां इंजीनियरिंग भी करा करदे थे ।
kangri_01173	जदूं असां गुलाम थे तां साढ़ी सांस्कृतिक वरासत खुलियां होआं च कलांचे भरदी थी
kangri_01174	माइक: हां, तुहां जो तिन्हा दे बजट पर तिन्हां कने कम करने दी जरूरत ऐ। तुहां तिन्हां जो फैक्स या ई- मेल बी करी सकदे जानकारी।
kangri_01175	"मैं भडवार कनें भाऊ नाग्गणियां-" बरियां मैं गलाया
kangri_01176	छुणाकी भी मस्त रामें सौगी हरिद्वार गई माऊ दे अस्तू तारी करी दूहीं गंगा स्नान कीत्ता, र घरै आई करी दस-तेरह कीत्ते,
kangri_01177	हस्तियां तिक्कर मिटी जांंदी है जाहलू ख़ुदा ही फेरी लै नज़रां
kangri_01178	हां, जाहलू मैं बोर होई जांदा तां अपणे गौंएँ दी फ़िल्म पवन कने चली जांदा हां।
kangri_01179	इक्की घट्ट औन्दणिया वाळे टब्बरे दियां तकलीफां कने संघर्षे जो बहुत ही बधिया तरीके कने दस्सेया है।
kangri_01180	कदी खड़ोई जा करदा था ता कदी झट झट चलणा लगी पौआ करदा था
kangri_01181	एह सब गल्लां ताईं पूरीयां होई सकदियां जे गजूलपणे रा पाठ खरा करी पढ़े या होऐ
kangri_01182	कनैं गलाया, “'पिच्छे तें ख्याल रखियां कोई ठौकरां, घंटुए कनैं संखे न लेई जाए, मैं तीर्थ-यात्रा जो जा करना
kangri_01183	धीऽ पाप्पे जो पकडी़ माऊ आल लेई गेई।
kangri_01184	लोकां रे चुणयो भगवानां रे दर्शन सताबी कैंह होन
kangri_01185	भला बोब्बो, मैं कींय्यां रोक्कां तिसीयो-? तूं ई दस्स, जुआन होयो,-भिरी महकमां वी इक
kangri_01186	तिज्जो याद ऐ, इक दिन टांगे बाले दा घोड़ा देंहिए हाल दिया दुकाना व्हाल बिगड़ी गेया था
kangri_01187	इस दियाडे शालग्राम सगी तूलसिया दा व्याह देव उठनी एकादसी जो हुंदा।
kangri_01188	बिना कुसी गल्ला ते गल्ल छेड़णी गल कथ
kangri_01189	कले दा क्या कौण जितगा?? हारी गये तां खेल खत्म ।।।हारी गये तां खेल खत्म ।सारी मेहनत मिट्टीच मिली जाड़ी, फिर ओ ही बासी जिदड़ी ।।
kangri_01190	तिन्नी मगरमच्छे जो मिट्ठे बोलां बोल्या, "मित्तर! क्या तेरा ब्याहू होई गेया है?"
kangri_01191	प्यारे ने पलोप्पा फेरी ऊषा गलाया-, "ईय्या नौं गलांदै मोयें शरमा हुंद्दी
kangri_01192	अहां इक अच्छी बर्फ ठंड पेप्सी दा बी मज़ा लेंदे।
kangri_01193	इहदा मतलब एह महाराज, कि जुआई जी नैं सम्हलोई सम्हलाई नैं सोची समझी नैं ग्लाणा-कुआणा पौंदा
kangri_01194	चुनावे दी कड़ी नेड़े औनदी दिखी करी है जीते दे जश्ने दी तैयारियांच लगी गया।
kangri_01195	गुण-गुण करी ने साधु गणेसुए क. घमंडुए जो रोज संझा भियागा परसाद क. चलामत दिन्दा,
kangri_01196	मै नी छड़ने दी कोशिश करा दा। ओह ठीक है। कयो?
kangri_01197	सन्त जी!! असां ई केंह श्रद्धालु ताड़े हिन?
kangri_01198	भला तिन्नी, कयो रोकणा ? भला बोब्बो तुंमी अपंण
kangri_01199	असमान भी कितणा साफ़ सुथरा होई गेया।
kangri_01200	किच्छ देरा परंत अपणिया चुंजी थोडी़ रुई लयोन्दे सैह् सुज्झे।
kangri_01201	नुआरी रे दो पलंग, आटा-चौलपाणें जो दो टीना रे पीपे, दालीं पाणें जो चिक्‍का रे कुज्जू, तौआ, चिमटा, लोहेरी परात कनै छानणीं ई थी
kangri_01202	तिसजो अन्दरली मरज़ा दा पता नीं चल्लेया।
kangri_01203	तिन्नी बी झटपट बाल़ां दी पंड्ड तिसा अग्गैं खलारीत्ती कनैं बोल्लणा लगी पेआ-----
kangri_01204	जिला अज मस्त रामें दी उमर कोई नब्बे साल्लां ते भी बद्ध होणी, सिरे दे चिट्टे वाल अद्धे काले होई चुक्यो, हाखीं दी नजर बिल्कुल ठीक है,
kangri_01205	एह ग्लाई करी मै आंसू लेई करी बाहर आयिआ।
kangri_01206	भौंएं पीणे दा पाणी जुड़ै जां नीं जुड़ै।
kangri_01207	किरदारां दे आपसी रिश्ते कने भावनां जो भी तिह्नां बहुत बधिया उभारेया है।
kangri_01208	मै इक बच्चे दे रूपे च आडीसन दिता था पर में बुरी तरह फ़ैल होया।
kangri_01209	माँऽ बोल्ली साऽह् लै मुन्नू दो मिन्ट निहाल़ तेरी गल्ल भी सुणगी।
kangri_01210	असां दे देसे हिन्दोस्तान दी राजधानी नोईं दिल्ली है कने असां दे प्रदेशे हिमाचल प्रदेश दी राजधानी शिमला है।
kangri_01211	हाय, तुहां दा दिन कदैया चलया ए
kangri_01212	चपड़ासी पाणिये दा गलास लई ने आया तां हैडमास्टर होरां दा मुँह खिड़ेया कने कुर्सिया पर तणोई ने बैठियो थे
kangri_01213	गंगीएं सौर्हियां दे ग्राएँ दा ही रस्ता जाणने दी कोस्त कित्ती
kangri_01214	तुसां जिह्नां जो कॉल कित्तेया है सैह हाली जवाब नी देई सका दे; थोड़े चिरे बाद फिरी कोशश करनेयो ।
kangri_01215	गलाण वी है जे ‘महाजनो येन गतः स पन्थः' जिसा बत्ता मते चलण सैहयो रस्ता टीक हुन्दा
kangri_01216	अपणियां सुझता जो छेड़ देया, लोहला, सौणा मत देया जे सौणो लगी पेई सुझत
kangri_01217	मैं पुच्छेया :कैं दु:खी ऐ चिडी़ भैण?
kangri_01218	आदमी पुतला है ग़लतिया दा जाणदा है तू
kangri_01219	घुप्प हनेरियां झक्खड़ झांझे, सब सांझो पर झुल्ली गै
kangri_01220	घडघडिएँ लटोई जा करदा था कनै गंगी तिसजो ठआळी देगा करदी थी
kangri_01221	माऊ बड़ा समझाया ।पर कुड़यां दा फैसला नी टुटया
kangri_01222	कैहं भई एह्‌ जीब्ह्‌ घोड़े पर वी चढ़ाई दिन्दी क्ें एह्‌ जीब्ह्‌ भुइयां वी चलाई दिन्दी |
kangri_01223	हिदायत दित्ती गई की इक्की महीने दे अन्दर-अन्दर हार नी मिल्ला मृत्यु दण्ड देई दित्ता जाणा है
kangri_01224	कुड़ियां दे अग्गै-पिच्छे घुमणा, बब्बे दी कमाई तिन्हां पर बर्वाद करनी, बस एही शुगल था दूहीं दा
kangri_01225	तिन्‍नां सोचिया भई एह्‌ बड़ टोटरुएं कनैं टोटरिया खाई सड़ियो हन ताईं
kangri_01226	सूबेदार होरां सच्चे हन ' लहणा सिंह ग्लाणा लग्गा, 'अपर करिये तां क्या करिये ? सीत तां बस हडिडयां-च जाई बह डेया-ऐ
kangri_01227	अपर जिन्नी बी उआज ठुआई तिस जो व़ज़ीरैं हुक्म देइयै कोल्हुए च पड़ुआईत्ता।
kangri_01228	मुंड्डुए री एह्‌ गल्ल सुणों लोक बोले तूं गला$ , एओ दिया दिन परमात्मा कुसी पर नां लियोएऐ. ''
kangri_01229	सरल भाषा पैनी चोट शब्दां री धारा प्यारे दी भरमार
kangri_01230	अनन्त सोचादा शो मस्ट गो ऑन ।।होटल दी खिड़किया ते सै बार दिखा दा।
kangri_01231	तिसा जो संझा-भ्यागा भाड़ा-चारा खूब खुआणा, रोज नुहाणी, सिंगां जो तेले च स्याही पाई करी खूब मलना
kangri_01232	म्हाचले च पान मसाला, खैणी, गुटका कने खुसबूदार सपारिए दी बिक्री पर इक साले दी रोक
kangri_01233	तिसा दिया गल्लां सुणी जोन्ढा होर भी बकळोई गिया
kangri_01234	चरणां अपणेयां च तुसां शमी शर्मा दी कविता करनी स्वीकार।
kangri_01235	इक कम्म ग्लान्नी आं मेरे तां भाग इ फूटी-गे सरकारा बाह दरिया दा खताब दित्तेया ऐ, लायलपुरे-च जमीन दित्तियो ऐ, अज लूण हलाल करने दा मौका आया ऐ
kangri_01236	(किच्छ सोचणे परन्त) यानि कोई अवगुण नई
kangri_01237	मैं खुशकिस्मत तां जी इस जुल्मे जो ज्यादा नी पोगया ।
kangri_01238	सारे इलाके दे सबी ग्रां च लोकां दे अपणे-अपणे टोहबे (खातड़ियां/पाणिहांद) हन
kangri_01239	मिंजो एह पसन्द नी था। पर मैं हुण भी हर हफ़्ते त्रै कताबां पढ़दा ।
kangri_01240	समाजे अंदर अज हर उमरा दा मर्द जणास बच्चा बुढ्ढा कुसी नी कुसी बमारिया ने बमार ऐ।
kangri_01241	माइक: ऑफिसे दा काम्म करणा खरा ए ।हालांकि ।कयोकि एह इक परवेश स्तरे दी सिथति एे ,मिन्जो इसदी जरूरत नि ए
kangri_01242	पिता जियां अपणा भारतेंदु विद्यापीठ पुस्तकालय खोलया था
kangri_01243	"महाराज! तसे भी बड़ा नर्थ करदे
kangri_01244	विद्रोही जी दी कलमे ते निकलियाँ चंद लाइनाँ :
kangri_01245	बोलदे हन कि देव उठनी एकादशी दा व्रत करने ते हजार अश्वमेध कने सौ राजसूय यज्ञ दा फल मिलदा ए।
kangri_01246	तेरियाँ उडीकां तेरियाँ उडीकां तेरियाँ उडीकां मुक़्क़दी नी
kangri_01247	सौगी ही एह मुद्दा इतणिया 'सानिया / आसानिया कने सुलझी जांदा कि सब हरान रेह्यी जांदे।
kangri_01248	वक़्त दे हत्थां च असां मजबूर होई गये
kangri_01249	चुलकै टैंडे की बिजड़ी भेडा भालिऐ ब्राघा की चोरा।
kangri_01250	घीटू' दे निबंध लिखे छपे तां उपरले भाषा विदां तां मेरा हौंसला बधाएआ ही बधाएआ,
kangri_01251	जेह्डे़ लोक गन्दियां चीजा़ं बणांदे कन्नैं पैकटां च बेचदे तिन्हां भी जेलां च पाई देणा।
kangri_01252	शेष बुरा ऐ अपणा निं एड्डा, जेहड़ा बुरा गलांदे लोक।
kangri_01253	मिर्च मसाला लांदेया होयां ग्लायाः–
kangri_01254	सैह इक्क, दवाए हेठ सारा कंस करदा--! करंनां नी चांहद्दा सैह, अपंण करनां पोद्दा
kangri_01255	हमेसा त्यार रेया हर घड़ी हर पल तिसने समन्वय बनाणे यो।
kangri_01256	इसा कहावता मूजब आखर च तिद्दे घर जौड़ू धी-पुत्तर पैदा होए।
kangri_01257	'पुरोहित : तां करा साह जी करा फ्हिरी झट्ट
kangri_01258	इक पन एह सोची करी जे मरने बाद मेरयां हड़कुआं जो हरिद्वार कुण लैई करी जागा ?
kangri_01259	बस्ते च स्कूल चलदे सार टेमटेबले रे मुताबिक कताबां चैक करी पा
kangri_01260	सारेयाँ लोकां कने फिल्मी हस्तियां इन्हां दी मृत्यु पर सोक जताया
kangri_01261	ॐ अंसां साल भर मगजे मारदे-मारदे सुका दे कने स्हाढ़ा रजल्ट अट परसैंट
kangri_01262	मां कुछ नी बोली, चुप-चाप बौहड़ी जो गोहई गई
kangri_01263	मैं अलौकिके जो सयझाया कुसी दी रीस नीं करदे।
kangri_01264	एह खाली रिढ़ी जोन्ढे दे बुढ़े जो ही देई दित्तियो थी अंगरेजी राणीऐं
kangri_01265	मेरा पसंदी दा मौसम गर्मियाँ दा वी ऐ | मिंजों बसन्त दी ऋत| वी पसंद ऐ | तुसां शौक तांईं क्या करना पसंद करदे?
kangri_01266	जीणेच गति जरूरी है, कन्ने फिरी बिना रुके चलणे दे नियमे तांई लाॅक डाउन दे हटदेई चलणा तां पौणा ।
kangri_01267	बुड्ढी हल्लैं थोड़ी दूर ई गई हुंग कनैं ना मुड्डुएं बुड्ढिया रिया जानी आला पिंजरा उतारी के खोडिया,
kangri_01268	नेंसी: क्या तुहां बड़ीयां सारियां कंपनीयां जो अपना रिज्यूमे मेल कित्या ए? कियां भरती एजेंसीयां दे बारे च?
kangri_01269	माऊ दे कुच्छडे़ लुह्की सैह् रागां गाणा लग्गे।
kangri_01270	मानदार आदमी है कैसी चीजा दा लाळच नी करदा
kangri_01271	दादी म्हेशा बोलदी बच्चा कोई मेद रखिए किच्छ मंगै तां कदी नाऽं नीं करनी चाइदी।
kangri_01272	राजा आया तिन्नी तिसा तों पुछेआ"भई एह पीड़ किंयां हटग?"
kangri_01273	राजे ने सोचया आखर चल्ली ने दिक्खना चाईंदा कदेया संत इत्थु टिकया।
kangri_01274	फिरी ब्राह्मणा दी गल सुर्णे बगैर सैह तिसजो घसीटदे-घसीटदे राज दरबारा लैई गए
kangri_01275	कुछ बुजुर्गों झगड़ा शान्त कीत्ता
kangri_01276	छुणकी नेड़ें होई करी गलाणा लग्गी-इस च दमागे दी क्या गल ऐ जी, छड्डा परांह जित्थू दो टैमे दी रोटी भी नी बणदी, सैह कम ही कजो करणा
kangri_01277	विद्यार्थी शांत कने होनहार विद्यार्थीयां सांई किताब पढना लगे।
kangri_01278	बरसाती ते बाद दशमी जमाती दिया स्पैशल क्लासां लगदियां।
kangri_01279	नहीं, माफ़ कर, मेरा मतलब मेरे डे र पर ए।
kangri_01280	क़म्म मता होईय्या हुण मिंजो किच्छ अराम करी लैणा चाहिदा
kangri_01281	मिन्जो पूरी उम्मीद है जे श्रोता (पाठक) इन्हा नाटकां दा खट्टा-मिट्टा सुआद लई कै मेरा हौसला जरूर बधागे
kangri_01282	का दुए आहल कंन्नां कहरंन-, करी भिरी सैह ई खुसर-फुसर
kangri_01283	मै दर असल च इक दिन पिरामिड दा दौरा करना चाअंदा। ए मजेदार लगदा। मिंजो हैरानी ए कि मेरा रंग अन्ने पर असर करदा ए तां सै कदेये दुसदे?
kangri_01284	शाह : मैं तुसां ते तुसां दिया कुड़िया दा हत्थ मंगणा आया हां मिन्जो नरास मत मोड़दे पंडित जी !
kangri_01285	बड़े दुःखी भाव कनै दीनू बोलणा लगा-दाखू स्हाढ़ा पुत्र ठीक हुन्दा तां अज एह दिन नी दिखणा पौन्दा
kangri_01286	तालू ही ध्यान गिआ की अगरबती या दी खुशबू भी चलियो थी मने जो खुश करा दी थी।
kangri_01287	इन्हा ताणयां-बाणयां च मने जो उलझाई करी गातो देवी-देवताआ जा धूणां धुखाणा लगी पई
kangri_01288	शमा जी ! क्या हुकम ऐ ? | तुसां अज़कियां खबरां पढ्यिां
kangri_01289	सैह सोचे जे मैं क्या दिखां क्या छड्डां? फूल इतने खिलयो थे जे परोहत हैरान होई गया
kangri_01290	देसे चों गद्दार ते गप्पौड़संख तालने ।
kangri_01291	परमानंद होरा बोले-“सेह् ता बरादरिया, तांऽ मलाए कि बरादरिया रे गलाणे मतावक सारा टव्वर हरिद्वार न्हौई-आया
kangri_01292	आस्से बुझिरा जे ये शरीर भगवाने, मौज डवाणे रे कठे हा दीतिरा
kangri_01293	पचांह दियां गल्तीयां यो सधारी के चल्लेया जाए नां, तां चाचू देहई गल्ल नी.......... ..........." श्याम्मै लम्मा चौड़ा भासण झाड़े या
kangri_01294	पर रुलदुए रा बब्ब करदा वी क्या? रुलदू तां पंज साल पैलिया जमाती चई बई रिया
kangri_01295	जे सोगी वी धी जुआई औंदे थे तां बिस्तरे दुई दे- इक दा इक्की कूटा तां दूए दा चौथीया कुंटा होंदा था
kangri_01296	पजामा चुक्या गिरठ भर नापया, कटया सी करी तैह लगया तिथू पंदी पर ही रखी करी थलैं आई कने सई गई
kangri_01297	खरे दांए ते मैं इक सर्कस अधिनियम करदा जित्थु मै इक तार पर जांदा यए मजेदार लगदा। क्या तुसां कदी टयै हन ।
kangri_01298	जणास्सा, मरद, रिसते-जात्ते, यार-दोस्त, कुड़ींयां-चिड़ियां, सब पुहज्जेयो
kangri_01299	लोरा :मै सिंपल चीजां खादियां पर हाली च पंज पोंड गुआई ते ।
kangri_01300	राती सैह् जोरें-जोरें डडणा लग्गा, “ओ निन्दरे"आई जा निन्दरे आई जा
kangri_01301	सारे मंत्री,सफेदपोश कनैं लाक्के दे लोक मौक्के उप्पर अपणी अक्खां ते नज़ारा दिक्खणे तांईं किट्ठरोओ हे।
kangri_01302	सिंधु नदि दे उस पार अफगानी सेनां दा जमाबडा लगया था।
kangri_01303	भला सैह्‌ बच्चे जिन्हां जो इतर्णी मार-कुट पौऐ, बड़डे होई सैह देसे रे भारे किहयां अपणियां मूंडियां पर चुकगे?
kangri_01304	मुण्डुआं जो हौंसला हुन्दा चलो, घोड़यां पिच्छै मकोड़े वि तरी जांदे
kangri_01305	रई जाणे मेरे गीत अधूरे--------
kangri_01306	कुनकी एम.एल.ए. रे कन्न भरी बदलाई ते राजधानिया
kangri_01307	पता नीं काल्हू राजैं अपणे राजकुमारे जो राजतिलक कराई देणा ऐं?
kangri_01308	जोन्ढे दिया सम्झा कुछ नी आया भई सैह क्या करे इस तांऐं चुप ही रिहा
kangri_01309	बोल्ले–अपर एह सोच्ची लौउओ कि एह दण्ड बड़ा बड्डा तां नैंई इस कसूर तांईं?
kangri_01310	तू इस बारे च तां कुछ जानदे नी कि राजे दी सेवा किंजा करना चाईंदी। देईया हालता च उसजो बश बिच्च किजा करी लैंगा ।
kangri_01311	शामे तक उदी बस्तीच ऐसा कोई कर नहीं था जित्थू ते कोई वोट डालना न गया हो
kangri_01312	सबनाजो उन्हादे जाणे दा मता दुःख है बड़ा ग़म है ।
kangri_01313	सैह इतणा घबराया भई तिसजो तिस ग्रांएं रा कनैं ऊंटां रे बपारिए रा नां '$ सारका भुली गेआ
kangri_01314	होर मता तड़फा मत सांझो, जे रूपे पर डुल्ली गै
kangri_01315	कुछ धियाड़ेयां परन्त ग्रह दा मारेया साधु बणी ने नारद मुनि फेरी ओथी आई पुंजेआ
kangri_01316	ब्राह्मण गंडां पासें दिक्खी करी बोलणा लगा “फुट-फुट गंडा, खा तिसा रंडा जे मैं हण्डए हत्थ नी पांदा ता अज इत्थु कज़ो औंदा?'
kangri_01317	उपर तर्यहाईया बिच तम्बू लग्यो थे
kangri_01318	पुत्तर:-बित्तियाँ गल्लां भुल्ली जा अम्मा तौली गर्म गर्म कौड़ा तेल लेई के आ
kangri_01319	पर मिजो ते हुन होर बर्दाश्त नी हुंदा। मिजो सचमुच जाना इ पौना।"
kangri_01320	ट्हिड्ड मोटा होई गेया भुइयाँ किय्यां बोहणा
kangri_01321	कोई छे म्हीने पैहल्लें, इक धिहाड़ा, मैं बाहर मिठिया-मिठिया धुप्पा बेहई के, कताब्वा पहड़ा करां
kangri_01322	ऋषियां री धरती, देवी देवतियां रा बासा
kangri_01323	मेया हुंण तां खरे गबहरू होयो-, लाए नी कुथी रबार सबार-?"
kangri_01324	मैं दीपक 'कुल्लुवी' हां जलणा मेरी फ़ितरत है
kangri_01325	हाँ समय दे कन्ने जीणे वास्ते, अपणी शाही जीणे दे तरीके तांई पैसे दी जरूरतां तांई मोमिन जो छड्डी दोनों पैणा प्रोफेसर होई गईयां ।
kangri_01326	नर्वदा व्याह करने दा फैसला भावना च बैही करी नी होई को अपणे घरे आल्यां दी सहमती बड़ी जरूरी है, जिन्दगी दा एह फैसला
kangri_01327	मंत्री जी ग्लाः दे भाऊ-मुखमन्त्री होरां नैं जरूरी मीटिंग ऐ
kangri_01328	ग्रायें दा लाला धरनी धरन जेहड़ा बड़ा लाल़ची कपटी फरेबी स्वाभावे दा ग्रायें कनज अक्खें बक्खें बदनाम होई चुकेयख था ।
kangri_01329	मैं अपणी बाइक या सकेटबोरड लैणा पसंद करदा। कारां बासते मता नी ।मिंजो खेल पसंद ए पर मैं उना दे बारे च पढदा ।
kangri_01330	सैह वी तां मांऊ-बब्बां दी लुआद ऐ-, तिहा यो वगांन्नै घरै आई के बेजत तनी होणा-, बचारी नौंई-सौंई ऐ, तिहा नैं प्यारे नैं गल्ल करंणां चाहईदी
kangri_01331	बड़ी नज़दीक आई गई थी मौत असां फिरी बी बची गए
kangri_01332	अपराधिक न्याय हलांकी मिजो शक ए। ओह, ठीक ए ।
kangri_01333	मिज्जो बगस परमेसरिए हुण कदी मेळे औणे दा ना नी लैन्घा
kangri_01334	" "हां, महाराज चला पर, मिंजो इक्क बारी अपणा असली रूप दस्सी देया
kangri_01335	कुछ कहाणियां सप्ताहिक कने दैनिक अखवारां च वि छपियां पाठकां सराहियां
kangri_01336	जॉन: मिंजो इस बारे च पता नी ए। मिजो उम्मीद ए कि जे जरूरत पेई ता मैं तिंनहा जो ठीक जवाब देई सकदा ए।
kangri_01337	जाहलं संजोग खुड़गे, तालूं अपणे आप खरा रिस्ता मिली जाणां''
kangri_01338	” महात्मे बोलेया, “बच्चा! लेई जा तिजो कोई नांड्-ई लेई जा, जितना चांहिंदा, तितना लेई लै
kangri_01339	हुण बसेसर बकीले पासें दिक्खी करी जोरे जोरे ने गलाण लगा, "हुर्र, हुर्र , हुर्र'
kangri_01340	इंयां ता हटदे बरी पराणै किल्हे बिच रूकी जान्दे थे
kangri_01341	जे भी गलवात होई सह डाक्टर होरां जो पुच्छा इन्हां सब कुछ दसणा,
kangri_01342	अज्जे हिमाचले रा जन्म दिन ऐ ठंडी वियारी तू छेड़ मिट्टी तान
kangri_01343	जगतुएं बुड्ढिया रे मरने तों , चबर्खे तक्कर सारा खर्चा देणां लिखी ने अपणी जान छुड़ाई
kangri_01344	लड़कियां दी ज़िंदगी असान नी हुंदी
kangri_01345	दक्ष:माँ! तुसां म्हेस्सा मिंजो जानवर पालणे ते ठाह्कदे।
kangri_01346	प्रणाम् करां मैं अज तुसां तो उपन्यास सम्राट यशपाल
kangri_01347	दाज लेण आला तां गुनाहगार है ई-, देणे आला वी इस जुलमें ते नी छुटो सदा
kangri_01348	हुण सैए मेखां जो पकडी के बाअर कडने तांई खयो करना लगया।
kangri_01349	जाहलु थकी के ओंदा ता दही कने भते खाई गुजारा करी लेंदा था कने आज गरमा गर्म चाही कने पकोड़े खाने दा मज़ा आ दा था ।
kangri_01350	चल हुण मैं तेरिया सौगी चलियै अपणे बड्डे भाउए तैं बी मुआफ़ी मंग्गी लेआं।"
kangri_01351	मतियाँ अणहोणियाँ होदियाँ पर माह्णू चतन्न-ई नीं।
kangri_01352	किछ चींगरपोट, छोटे-छोटे बान्दरुआँ सांई मुँह बणाई टपूराियाँ गारदी होई सफाऽ पर बेई-यांदी-थी
kangri_01353	दूजी गल ए बी ए कि ताकत हुःदेया बी जेडा उसदा इस्तेमाल नी करदा कन उसजो इंजा ई बरबाद करी दिंदा ए उसजो बी आखर च उंजा ई जलील होना पोंदा ए।
kangri_01354	पर सैह मन्या नी हो तिने उस वगत बोल्या था-"मेरा ब्याले फजूल हा, केंह भई ऊ दुज्जे री तखलीफ नी देखी सकदा
kangri_01355	जाल्हू जबरिया दिया समझा एह आई गिया कि जुआन सत्हान नूंह तिसा दे काबू नी औणे बाळी है
kangri_01356	मणकूए मेरे पर हत्थ रखदे होए हऊं जगाया-‘‘पढ़ेयां लिखेयां रा एह ही घाटा हा भई सै गलांदे गलांई सोचणे लगी पौंहे
kangri_01357	हां मैं अपणी भतीजीए जो इतणे साफ़ सुथरे समाने कने क्हर औंदे दिख्खेया है।
kangri_01358	भियागा सैह आउणां कं तां तीस अपनिया कुडिया जो भेजने च टालमटोल कीती कन्ने सह मुंडू कल्ला भेजी दित्ता
kangri_01359	जे संसारे च कोई देया माहणू होंदा ता दूर-दूर तक तिस्स दी खबर-खैर होंदी
kangri_01360	कदी तिन्ना दे गुप्त अंद्रूनी अंगा कन्ने डोकटरा जो भी सरमाने आला सर्बद जोडदे ह्न
kangri_01361	'आ खुदा बखशें पंजाह रुपेये तिसजो देई ने ““बीह्‌ तांह्‌-तीह्‌ ताहं”” गलाणा छड़ी दित्ता
kangri_01362	तुसां साहमणेतुसां दे बजूदे मकाणे जो खड़ोतेयो होण तां ???
kangri_01363	मिञ्जो पुह्ख लगदी ता मैं अम्मा ते मंगी लेंदा ए।
kangri_01364	लेह-, पद्धोहवका,-अया, बसाक्खे दे उन्नी-" इक्की पाहैं गलास्से रखा बोल्लेया सह
kangri_01365	इस जुमले पर खरा उतरने दा मान मेरिया नजरा च सिर्फ मास्टर कांशी राम
kangri_01366	मिण्टां स्विंटा च स्कूल खाली होई गिया, सब चले गै
kangri_01367	दो चार दिनांच आमजनता बी अफरातफरी दी मुसिबतां दिखी पिछे हटणे लगीपे!!
kangri_01368	नेंसी: मेरेयां दोस्ताँ मिंजो दस्सया कि इंटरव्यू च जाने ते पहले कुछ होमवर्क करने च मदद मिलदी।
kangri_01369	हुंण दस्स, मैं कुथू तोप्पां जाई ? कोई वी गल्ल लांदा, तां संह पहड़ीयो हुंदी
kangri_01370	सारे चमगाद्दडा़ं जोरे नैं फंग फडा़के मन्ना अपणी रजामंदी दस्सी होए।
kangri_01371	जे भाई इन्हांनौक्करीयाही नीं विहांणी, तां नी सेहई-, अपंण विओहणे धंन नां-कुआरेयांना नीं ऐं
kangri_01372	स्टेशने दियां पैड़ियां ते बाहर औंद्यां, जांद्यां तां दिक्खा करदा पर अन्दर ही अन्दर सोची भी जा करदा करां तां करां क्या ? जां तां जां कुथू ?
kangri_01373	म्हाचल आलेयां यो अप्पु ऐड्डा क़म्म करणे दी आदत हैई नी वो
kangri_01374	असां सैह जताया कनै हुण कम करा करदा खोळिया ताऐं
kangri_01375	बहोंत अच्छा। खाना बनाना मेरा जुनून ए। मै इक रसोइया ए।काश लोग मिजो बाहर बंद करने दे वजाए मिजो सुनी सकदे थे।
kangri_01376	लेस्ली: जे फिलमा दे रस्ते पर मार्कस कताबां दिया दुकाना ते रुकदे हन ता क्या तुहां दुना जो बुरा लगी जांगा?
kangri_01377	कजो भाभिया जो किह्ल्ला छडी दिंदे? सिर्फ़ इसी डरे ते कि तुसां जो कोईएह न गलाई दे कि लाड़िया दा गुलाम होई गेया है?
kangri_01378	अपफणें खसमें री एह्‌ गलल सुणी करी जणास बोली, दिक्खा, कितणां सेक लग्गा मिंज्जों , बब्बरू पकान् दिया?
kangri_01379	तिसरे हार्णी बिहोई गे करने एुल॒दू सारियां दियां जानियां बरासूई चुक्की जान्दा रिया
kangri_01380	तिनि ब्राह्मने यो रोक्या कने बोल्या," पंडित जी क्या तुहां जो पता नी ऐ भई उचे कुले दियां लोकां जो अपने मुहंढे पर कुत्ता नी लदना चाहिदा।
kangri_01381	कने तुहाड़े पिज़्ज़ा,पास्ता खाईके बी रौंदे ही रैहन्दे हन
kangri_01382	मैं बस, इहतड़ा ई धुआड़े ने अरज करंनी, जे अज्जे ते प्रण लेया, जे नां असां दाज रूप्पी कलंक लैंणा,
kangri_01383	आख़री खुआईस बी नी पुच्छी कने जलाई बी दित्ता
kangri_01384	भयागा उठी दस कुथी दुस्सै धौलाधार वे
kangri_01385	तिन म्होने होए इक तुरकी मौलवी मेरे ग्रांएं च आया थाजणास जो बच्चे होणे दे तबीज बंडदा था क. बालकां जो दुआई दिदा था
kangri_01386	जित्थू उनां दी उमरां दिया सारियां जनानियां कर परिवारेच रमीयां थीं, उत्थू इन्ना जीवन रूकया सुजदा ।
kangri_01387	चोबुआं इसा गल्ला दी ख़बर राघो जो दित्ती।
kangri_01388	अजे फिरी सै दोनों खुशियाँच हत्थ हिलणा लगीपे ।।
kangri_01389	ओह लेह, लैंदेयां दिइयां रिस्ता पक्का, बवं ई तिन्हां दें
kangri_01390	हनुमान जयन्ती वाले दिन मैं भ्यागा ही नहाई-धोई करी बस पकड़ी कनै १ सत किलोमीटर दूर हनुमान मंदर चली गिया
kangri_01391	इतणे च खाइया दे सिरे ते उआज आई'सूबेदार हजारा सिंह !'
kangri_01392	कुण गंगी ?” गलांदा गलांदा सैह उठी बैठा
kangri_01393	जणासां दा सोषण आम गल्ल होई गेईयो थी ।
kangri_01394	तैरेयां ई हत्था पीणी, ठीआ लगाई बैठे
kangri_01395	हे परमेसरा एह ता छळेढा लगी पिया
kangri_01396	भिरी सोच - वचारी रामुए समेत भगतुए दे घर पुज्जदा ऐ।
kangri_01397	तिन्नी जाली तरीडुए दी दशा दिक्खी कन्ने दूर चरदे घोड़े जो दिक्खेया ता सैह घोड़े जो तिसदे ने. लई अया
kangri_01398	साधु महाराज बोले, “बच्चा! जे तेरी ऐसी भावना ऐ कि चोरी नी करनी ता सच्ची कसम खा
kangri_01399	सुहानी एह कुकीज़ चख भला ठीक बनियो। बनिओ ना। बेकिंग सिखने बालिया बडिया बैहनी माया हक पाई गलाया।
kangri_01400	छोट्टुए दा ताऊ बोल्लेया ,"कोई चीज़ बुरी नीं हुंदी।बुरी तां म्हारी सोच हुन्दी ऐ।
kangri_01401	इनादे अपणेच मग्न परिवारेच प्यारे दी कमी नी थी।
kangri_01402	ओ चाचू तू भी पराणियां गल्ला मत कड्दै हुण
kangri_01403	बेवफ़ाइयां तुसां दिया तुसां ई खाणे
kangri_01404	जे पैसे अब्बल-अब्बल तां टिप टॉप च पिच्छे कैंह रैन
kangri_01405	दरअसल मोमिन दे मामे अपणी जनानिया ते कहणे पर अपणी माऊ जो बेटी दे कर पहुचाईता ।
kangri_01406	लोरा मिंजो भरोसा नी ए। बस सभ्य अकार दे टुकडे खरिदा न मते बडे न मते छोटे ।
kangri_01407	इक कम्पनी तायें कापरिट सुपरवाईजर ।
kangri_01408	तेरे भूल भूलैइये च मैं सूरत खोऊरी
kangri_01409	रूंड-मुंड रूक्ख होए धारां भेट्ठीं नंगियां
kangri_01410	मैं करदा/सुणदा जी मिंजों पहले चाली पॉप स्विंग पसंद हन |सबना ते खरा/बधिया इक सवर भाऊआं दा ऐ |
kangri_01411	मैं भडवार कनें भाऊ नाग्गणियां- बरियां मैं गलाया
kangri_01412	न इ मै सिर्फ मल्टी टास्किंग विंक विंक ए ।प्यारा ए। तुसां हफ्ते दे आखिर च क्या करदे?
kangri_01413	भ्यागा उठ्ठदे बेल्ले परमात्मे दी नुहार दिक्खणी चाहिदी।फी़ जाईयै होरसी दे थोबड़।
kangri_01414	तेथू तिस मगरमच्छे रा ढिड्ड फाड़िया तां सैह मुंडु जिन्दा जागदा निकली आया
kangri_01415	मिन्जो बड़ी खुशी है जे कमल होरां दियां कहाणियां दा संग्रह 'आम्बली दा बूट्टा' छपी ने पाठको बाहल पुज्जा दा
kangri_01416	अभियांत्रिकी विभाग।इस ते अलावा, दालान दे आखिर च उत्पादन एरिया ऐ।सत्तर
kangri_01417	जॉन: मै इक मेनती बंदा कन्नै तेजी ने सीखणे वाला आदमी हूं।मै सीखणे दे लेई वड्डा उतसुक हूं,कन्नै में कनै आणा आं
kangri_01418	मैं जियादा होर क्या बोलणा, तुहां सारे ई, पढ़ेयो-लिहक्खेयो नौजुआन हन- तुहां यो ई एह सोचंणां चाहईदा-,
kangri_01419	किहलेयां कने बख़स्यिा बत्ता चला समझदारी नी
kangri_01420	नां माता-, तिन्नां गलाया क्या अपंण ? पता तां लग्ग-.?" माऊ दे पाहैं दिक्खी पुच्छेया परमेसरीऐं,
kangri_01421	एह जरूर ढाई शेर ही होणा, माड़ा-मोटा जानवर शेरे दे घरे च बड़ने दी हिम्मत नी करी सकदा
kangri_01422	आलू तुड़क भटूरू तली लैह, बाबे दा रोट भुलि मत जांदी
kangri_01423	मैं, तुहां सारेंयां दा बड़ा ई सुकरगुजार आं, जेहड़ा तुहां अपंणां कीमती वगत कहड्डी के, एहत्यू आए
kangri_01424	लेकिन रंगकर्मेच उतरने ही उदा पूरा औरा पात्र दा मुखौटा औडदे दी बदलौई जान्दा ।
kangri_01425	छज्जू :-क्या वो सुंकूआ मोया गंजा कैंह होई गेया, कुण मरी गेया तेरे क्हरे च ?
kangri_01426	इन्नी ठर्कियें माहणुयें पता नी कितणियां दी आवरू तन्द तन्द कित्तियो ऐ।
kangri_01427	छुट्टिया ते बाद चौथिया जमाती दी इक्क घण्टे दी क्लास भी लगदी थी
kangri_01428	मै एथू मौजूद हर बंदे पर कने अपु पर भी दस डॉलर जुर्माना लगाया है।
kangri_01429	मिन्जो क्रॉस वर्ड पसंद ए, मै क्रोकेट करदा आं
kangri_01430	किच्छ मंगणे ताईं उआज़ नीं लाणा पौदी।
kangri_01431	मै परमेसरे च वुस्वास नी करदा ।
kangri_01432	मालकना तीसा दे फर्शे पर पालिश करने वालयां ने गलाया।
kangri_01433	समक रात तू अपणे दोन्नों पट्ट तिस जो ढआन्नां ऐं कनै अप्प गीठिया दे स्हारै गुजारा करदा ऐं
kangri_01434	लक्खुए री एह्‌ गल्ल सुणी कै अचार्जें हसाब लाई करी दस्सिया भई, “'हरिद्वारे समेत सारे किरिया करमें रा खर्चा कोई दो हजार ऐ
kangri_01435	जुआनियां च इक्क दन्द टुटी गिया था बाकी दन्द सारे मजबूत हन्
kangri_01436	दिक्खणे आला जां सुणने आला अपणे आप जो किसी-न-किसी रूपे च तोपी ही लैन्दा ऐ
kangri_01437	लैणे ताएँ नाई भेज्या पर नूहैं भी हठ करी लेया कि जाल्हू नौकर औंघा ताल्हू ही जाणा
kangri_01438	तिन्‍नीं खुल्ले मुह॒एं आला शीशे रा निक्‍का मरतबान लिया कनें घरें चला आया
kangri_01439	मैं-मैं, किछ नी-" हत्थे ते, उरदीयां ते पलेट छुड़की, करी भुंईय्यां-
kangri_01440	अपणे पिंटुए ते तें मेरा मिंटू कुटवाया
kangri_01441	हाय! मेरा नां बिल ऐ। तुहां दा क्या नां ऐ। सुसान। तुसां ने मिली के बड़ा अच्छा लगा। तुहां क्या करदे।
kangri_01442	हिन्दोस्तान-च आई-यांगे तां तिह नां गौहत्या बन्द करी देणी
kangri_01443	होर कुछ जी मय दे प्यालयां च मिलायी दित्ता
kangri_01444	बिना मतलव चाची कुसी ने नी बोलदी-चालदी
kangri_01445	सैह भी माऊ साही बुढ़े जो बेकुफ ही समझदा था
kangri_01446	जिन्हां हक्के च नीं लिक्खेया तिन्हां दी पिणसणां व़जीरैं बन्द करीत्तियां।
kangri_01447	राजकुमार कनैं नीलम बोले भापा जी लेटर स्ताबीं लिखणा-जस्ट पुजदेयां ई
kangri_01448	जनाब गुआह तां कोई नी ऐ, हां मेरि जो सददा
kangri_01449	कोई जणास ही है बचारी भुली गइयो कनै अपणेयां ते बिछड़ी गइयो
kangri_01450	जुग रे बेइरी मित्तर बोणिया लुटदे रौहे लपोचदे लागै
kangri_01451	क. तिन्हां यो मेरीया बड़ीया दा बी पता ऐ- कल्ल परसूई चाचू घरै अया था-! दाज्जे दे वारे च केई गल्लां चलीयां
kangri_01452	ओए तु ता मिए सच्च ही परिया साही छैळ है
kangri_01453	तिस जो बसोस बी होया कने फरड़ुआं दे मिलणे दी खुशी बी होई।
kangri_01454	कम से कम अपणे मंजे हेठ डंड्डा फेरी के दिहखन-; ताहंई दूए दें पाहैं दिहक्खनः
kangri_01455	सौहरे दी खड़कदी उआज सुणी करी हां बि बिलंगा परा ते पजामा चुक्या, दिखया नी भालया नी,
kangri_01456	शांत। क्या तुसां बल पालतू जानवर हन? दो बिल्लियां कन चार कुते हन क्या तुसां।
kangri_01457	दाड़ों तत्ते पाणिए कनै अपणे पैर धोते, सौणे ताईं जाल्हू अपणे मंजे बल पुज्जी तिन्हां जो सुत्तयां दिखी करी ख्याल आया
kangri_01458	खबरैं क्या अनाप-शनाप खाँदी नौंई पीढ़ी?
kangri_01459	भला वह पैसे क्यों देता?उस पर रावणत्व का भूत जो सवार था।
kangri_01460	रीझू रामे दी गिड़गिड़ाहट कनै दसौंधिए दी सफारस कम्मै आई
kangri_01461	बड़ी पुराणी कहावत ऐ भई , '' पैहलैं बणीं प्रारब्ध, पाछे बणें शरीर ''
kangri_01462	जयेन्द्र दा तिहत्थू ई व्हाह-ऊह होया- अपणे फसकलास कोठी पाई लेई
kangri_01463	अगलीया बरी मै पक्का औंगा। मै तिज्जो ते तंग इई गया।
kangri_01464	तुसां जो कुण देया रंग मिलगा। तुसा दा पसंदीदा भोजन क्या ए? मै अपने सुंदर लाल होइ जांगा।।
kangri_01465	सुमित्रो:- कैंह मुईए हुण तां तेरी सौहणी सुनक्खी नूंह बी आई गेई राणीयांं साँईं राज करा कदी होणी हुण ता तू
kangri_01466	माइक ओके ब्रेडन मिंजो इक सवारी घर देने तांई धनवाद। मै अपने माउ बाबा जो नी सदना चाअंदा था।
kangri_01467	गिदड़ें इक तरकीब सोची के इस दिया पिट्ठी पर चढ़ीनैं मैं पार जाई सकन्ना ऐं
kangri_01468	कौम, देश कन्ने मनुखता दा भला करी गुजरने दी हिम्मत कन्ने ताकत ऐ
kangri_01469	जर्दू-कदी हैडमास्टर होरा कने मास्टरां री अप्पू चैं बजकी तां जिन्नी मुंड दित्ता, जां मूहरियां चल्लेया, सैहयो गिया
kangri_01470	कदी ऊषा यो, तां कदी सरपंच्चे यो
kangri_01471	चोबुआं दा मन तिस ग्रांएं दे माह्णुआं ते खट्टा होई गेआ।
kangri_01472	म्हारे म्हाचले च नसा बड़े जोरेंं- सोरेंं फैल्ला करदा।इस च मुंडू ,कुड़ियां सामल हन।
kangri_01473	न जाने इनकी ये दोरंगी नीति कब बदलेगी?
kangri_01474	सैंः औत्तर था, व्याह कराया नी, इस वास्ते फिकर-फाक्का तिस जो कुसी दा था नी
kangri_01475	भैणे एह् देए ध्याडे़ मनाईए कोई फै़दा नीं जेकर मर्दां प्रधान समाजे दी देई सोच होन्गी।
kangri_01476	बरड़ी बोल्लै ------"मती खीर मैं खाणी ऐं।कैंह्जे तिन्हां-ई सुक्की कूक मारियै परौह्णे जो न्हस्साया ऐ?
kangri_01477	पिता :मिंजो लगदा रागनी अपनी एक्टिंगा बिच ज्यादा जान पाई सकदी थी।
kangri_01478	लक्खुए अपणें मित्ते जो बोलिया, यरा, तूं बचार देणां खरा जा आल ज कोड तां तिन्नीं नक्क बड्डी दित्ता,
kangri_01479	तां सैह्‌ बड़े जोरे ने चिंडूडां पाई लगी रोण-पटोण ओए मिंज्जो इक वरी तां इसदा मुंह दिक्खी लैणा दियो,
kangri_01480	बणै देह टपाई दे ता भी बड़ी गल्ल है
kangri_01481	होर तां होर-, मुंम्हें ते गल्ला करनं तांई वीं लौहक्केंयां-बड्डयां ते इजाजत लैंणा पौंदी तिहा यो
kangri_01482	ऐसा हुआ कि मैं नीचे हॉल में सोई थी। चोर खिड़की से घर में घुसे। उन्होंने मुझे लात मारकर उठाया।
kangri_01483	मेरा बचा करदयां भावी बोली, अम्मां जी! एहू ठीक गला दा
kangri_01484	महाराज जी जो गलाणा जे ओंदिया बराती जो ढाई हजार जिन्दे बकरेयां दा इन्तज़ाम करी देणा कन्ने मिंजो कुस्सी चीजां दी जरूरत नी है
kangri_01485	नौंएपणैं रिश्तेयां च दोआल़ खरेडी़तीयो।
kangri_01486	हाऊ तुसा तांईं रोज पूजा करदी करगी,
kangri_01487	किछ दिनां परन्त राजे दिया बडिडिया कुड़िया दिया रियासता पर कुर्नी रजें हमला करी दित्ता
kangri_01488	चोट?उसका तो माथा ही फट गया।कपड़े खून से लथपथ हो गए।
kangri_01489	सब्बनां दी सुणने परंत राजा लोक्कां अग्गैं खड़ोइयै अगले साले च कमजोरियां न्हस्साणे दी सौह् चुक्कियै मेल्ला जुआड़दा हा।
kangri_01490	दुन्नीं मतियाँ फिल्मां च क़म्म कित्ता।
kangri_01491	कुसै दी क्या हिम्मत जां मजाल सौह्यां दें तां छड्डा प्योकेयां दे माऊ बब्भे दे सामणे अपणे ब:झिए सौगी-प्रीतमे सौगी बुलाई लैन
kangri_01492	मुच्छ मरोड़न बुड़कां छुड्डण लोकां री निन्द्र गुआन
kangri_01493	तुहां कितने भी बड़े होंन पर सुखी जीने ताएँ कुसी ना कुसी रूप च इक ओरत तुसा दिया जिंदगियां च बड़ी जरूरी है।
kangri_01494	ओथ् जोन्र्दै सोच्या जे मै इसा दे पैरां पकड़ी छड्डां ता होई सकदा मिंज्जो छडी दै
kangri_01495	सुंकू:-ओ खोतेया तेरी सक्ल खरी नी ता गल्ल ता ख़री करी लेया कर ।
kangri_01496	इस करी तिन्नै तिस्यो हक्क पाई ठुआळने जो
kangri_01497	मुर्दाबाद! मुर्दाबाद रे नारे गूंजे
kangri_01498	मेरा पहाड़ी भासा च लिखणे दा एह पैहला मौका ऐ कनै आस / मेद ऐ पाठकां जो एह खरा लगगा ।
kangri_01499	मैं अपने ऑफिस दे सप्लाई कनेक्सने पर गर्व करदा, मेरे बाली खरियां चीजा हन।
kangri_01500	सारे बांदर रुक्खां दे पासे चली गये पर सैअ शैतान बंदर सबदी नजरां ते लुक्की करी पचां रई गया कने लगया अडंगेबाजी करने।
